xa anh duc	1	1
xa dang anh thy	1	1
xa duc binh	1	1
xa duc duong	1	1
xa duc huynh	1	1
xa duy loc	1	2
xa ha van truong	1	1
xa hai van	1	1
xa hai yen	1	1
xa hieu khanh	1	1
xa hoang linh	1	1
xa huong giang	1	1
xa huu hieu	1	1
xa huu thang	1	1
xa kim cuc	1	1
xa kim xuyen	1	1
xa ky vu	1	1
xa le	1	1
xa linh giang	1	1
xa lon	1	1
xa ma	1	1
xa manh hien	1	1
xa manh hung	1	1
xa manh quang	1	1
xa minh phuong	1	1
xa minh thu	1	2
xa nhu quynh	1	1
xa quang ha	1	1
xa quang hau	1	1
xa quang hieu	1	1
xa quang huynh	1	1
xa quang linh	1	1
xa quang thang	1	1
xa que ngoc	1	1
xa que than	1	1
xa quynh nhu	1	1
xa tan thanh	1	1
xa thanh phong	1	1
xa the nam	1	1
xa thi anh tuyet	1	1
xa thi bich	1	1
xa thi bich ngoc	1	1
xa thi buoi	1	1
xa thi chi	1	1
xa thi dang	1	1
xa thi diep	1	1
xa thi doi	1	1
xa thi duong	1	1
xa thi ha trang	1	1
xa thi hang	1	1
xa thi hanh	1	1
xa thi hoa	1	1
xa thi hong hue	1	1
xa thi hong ngat	1	1
xa thi huong	1	2
xa thi huyen	1	1
xa thi in	1	1
xa thi khanh huyen	1	1
xa thi khim	1	1
xa thi khoa	1	1
xa thi khuyen	1	1
xa thi kieu	1	1
xa thi kieu mi	1	1
xa thi kim thoa	1	1
xa thi lam	1	1
xa thi lan	1	1
xa thi minh nguyet	1	1
xa thi minh thuy	1	2
xa thi nguyet	1	1
xa thi nguyet kieu	1	1
xa thi nhuan	1	1
xa thi phuong	1	1
xa thi phuong mai	1	1
xa thi quyet	1	1
xa thi quynh hoa	1	1
xa thi sao	1	1
xa thi ten	1	1
xa thi teo	1	1
xa thi thanh	1	1
xa thi theu	1	1
xa thi tho	1	1
xa thi thu ha	1	1
xa thi thu huyen	1	1
xa thi thu may	1	1
xa thi thuong	1	1
xa thi thuy	1	5
xa thi thuyen	1	1
xa thi tim	1	1
xa thi tinh	1	1
xa thi toan	1	1
xa thi trung	1	1
xa thi tu uyen	1	1
xa thi tuyet mai	1	1
xa thi van anh	1	1
xa thi xim	1	1
xa thi xuan	1	1
xa thien chi	1	1
xa thu huyen	1	1
xa thu phuong	1	1
xa thuy huong	1	1
xa thuy ngoc dieu	1	1
xa thuy tien	1	1
xa tien thanh	1	1
xa trung hieu	1	1
xa truong thanh	1	1
xa tu anh	1	1
xa tuan anh	1	1
xa tuan manh	1	1
xa tuan viet	1	1
xa tuyen hoang	1	1
xa van anh	1	1
xa van bang	1	1
xa van binh	1	1
xa van cau	1	1
xa van chai	1	1
xa van chuan	1	1
xa van chung	1	1
xa van chuyen	1	1
xa van dac	1	1
xa van dai	1	2
xa van duc	1	1
xa van dung	1	1
xa van duong	1	1
xa van duyen	1	1
xa van hai	1	1
xa van hien	1	1
xa van hoa	1	1
xa van hoan	1	1
xa van hoang	1	1
xa van hop	1	1
xa van hung	1	1
xa van huy	1	1
xa van khanh	1	1
xa van khu	1	1
xa van loc	1	1
xa van loi	1	1
xa van long	1	2
xa van mai	1	1
xa van man	1	1
xa van mung	1	1
xa van ngoc	1	1
xa van phan	1	1
xa van phuc	1	1
xa van quynh	1	1
xa van sang	1	1
xa van se	1	1
xa van son	1	1
xa van than	1	1
xa van thanh	1	1
xa van thanh trung	1	1
xa van thinh	1	1
xa van thong	1	1
xa van toan	1	2
xa van tra	1	1
xa van trong	1	1
xa van uyen	1	1
xa van xuan	1	1
xa viet dung	1	1
xa viet hoang	1	1
xa xa	1	1
xam ly thong thong	1	1
xang vo	1	1
xanh my lay	1	1
xanh vo	1	1
xau thuy quynh	1	1
xen thi bang	1	1
xen thi bon	1	1
xeng chan	1	1
xeng thong	1	1
xeo nhat minh	1	1
xi that	1	1
xiem bui	1	1
xiem bui thi	1	1
xiem hoang	1	1
xiem hong thai	1	1
xiem lam	1	1
xiem nguyen	1	1
xiem nguyen khac	1	1
xiem nguyen thi	1	1
xiem tran	1	1
xien tv	1	1
xieng lang kiet	1	1
xieng lang men	1	1
xieng lang mer	1	1
xieng van hao	1	1
xieng var tuan	1	1
xieu nguyen	1	1
xieu tan	1	1
xin thanh son	1	1
xin thi khai	1	1
xin thi ngoc	1	1
xin van binh	1	1
xin van ha	1	1
xin van hoc	1	1
xinh bui	1	1
xinh kham	1	1
xinh le	1	1
xinh nguyen	1	1
xinh nguyen thi hoa	1	1
xinh pham thi	1	1
xinh phan	1	1
xinh tran ngoc	1	1
xinh tran thi thu	1	1
xinh trinh	1	1
xinh truong	1	1
xinh truong pham	1	1
xinh xinh	1	1
xinh xinh nguyen	1	1
xinh xoai	1	2
xo van kiu	1	1
xoa dang	1	1
xoa nguyen	1	1
xoai kem	1	1
xoan cao	1	1
xoan dao	1	1
xoan ga	1	1
xoan hoang	1	1
xoan lam	1	1
xoan luong	1	1
xoan nguyen	1	2
xoan phan	1	1
xoan vu thi johanna	1	1
xong ba bo	1	1
xong ba chia	1	1
xong ba chua	1	1
xong ba gio	1	1
xong ba phong	1	2
xong ba thanh	1	1
xong ba tinh	1	1
xong ba vu	1	1
xong ba xa	1	1
xong le thi	1	1
xong thi huyen trang	1	1
xong y cu	1	1
xong y pa	1	1
xong y phuong	1	1
xu men	1	1
xuan an	1	1
xuan anh quan	1	1
xuan bo	1	1
xuan cung	1	1
xuan dieu	1	2
xuan dinh ngoc	1	1
xuan dung dang	1	1
xuan dung nguyen	1	1
xuan duong	1	1
xuan giang	1	1
xuan giang tran	1	1
xuan hien	1	2
xuan hien bui	1	1
xuan huynh	1	1
xuan khieu	1	1
xuan khuc	1	1
xuan luat vu	1	1
xuan manh le	1	1
xuan muoi nguyen	1	1
xuan nguyen	1	2
xuan nguyen thi	1	1
xuan nguyen van	1	2
xuan nhat hung	1	1
xuan ninh	1	1
xuan pham thanh	1	1
xuan phan thi	1	1
xuan quach	1	1
xuan quy	1	2
xuan thang tony hoang	1	1
xuan thanh nam	1	1
xuan thanh nhi	1	1
xuan thi thu ngoc	1	1
xuan thuong tran	1	1
xuan tiep nguyen	1	1
xuan tran	1	7
xuan trang tran	1	1
xuan truong	1	1
xuan truong nghinh	1	1
xuan tung tran	1	1
xuan tuoi	1	1
xuan van hung	1	2
xuan van phong	1	1
xuan viet khieu	1	1
xuan vo	1	1
xuan vo thao quynh	1	1
xuan xinh nguyen	1	1
xuat do dac	1	1
xuat nguyen	1	1
xuat pham	1	1
xuat tran van	1	1
xung bui bui van xung	1	1
xung huynh	1	1
xung le	1	1
xung nguyen van	1	1
xuong can ly	1	1
xuong duong	1	1
xuong giang	1	1
xuong hieu vi	1	1
xuong ka	1	1
xuong lam	1	1
xuong luu	1	1
xuong nguyen	1	1
xuong ong	1	1
xuong phuong hong	1	1
xuong toan do	1	1
xuong tran	1	1
xuong tran chi jason	1	1
xuong xavier truong	1	1
xuyen bui	1	1
xuyen chi nguyen	1	1
xuyen dai hoa	1	1
xuyen dang	1	1
xuyen doan	1	1
xuyen hailey nguyen	1	1
xuyen hinh	1	2
xuyen hoang minh	1	1
xuyen huynh	1	1
xuyen lam	1	1
xuyen le	1	1
xuyen le minh	1	1
xuyen luc	1	1
xuyen ngo	1	1
xuyen nguyen	1	1
xuyen nguyen phu mr	1	1
xuyen nguyen tan	1	1
xuyen nguyen thi	1	1
xuyen ong	1	1
xuyen pham	1	1
xuyen phan hai	1	1
xuyen phuoc nguyen	1	1
xuyen sarah phan	1	1
xuyen tang	1	1
xuyen tran	1	1
xuyen trinh	1	1
xuyen truong	1	1
xuyen tu thi cam	1	1
xuyen vu	1	1
xuyen vuong	1	1
