y a bua uong	1	1
y ai buon ya	1	1
y amot mlo	1	1
y an ayun	1	1
y ang dar buon krong	1	1
y anh buon krong	1	1
y ao kuan	1	1
y aram adrong	1	1
y ba bkrong	1	1
y bac te wach	1	1
y bang buon dap	1	1
y bao	1	1
y bay mlo	1	1
y bay r ong	1	1
y be	1	1
y bec nie	1	1
y ben bkrong	1	1
y bera eban	1	1
y bham knong	1	1
y bhot bya	1	1
y bia nie	1	1
y bich lieu	1	1
y bieu eban	1	1
y bieu nie	1	2
y bil nie	1	1
y bin na nie	1	1
y bin nie	1	1
y binh	1	2
y binh ayun	1	1
y binh nie	1	1
y bip bdap	1	1
y blaih mlo	1	1
y blin adrong	1	1
y blo nie	1	1
y blue kjie	1	1
y bluh bya	1	1
y bo nie	1	1
y boi adrong	1	1
y boi eban	1	1
y boi knul	1	1
y bok do kbuor	1	1
y bol sa nie	1	1
y bom ayun	1	1
y bom nie	1	1
y bon ksor	1	1
y bon ma eban	1	1
y bon nie	1	1
y bot adrong	1	1
y boy nie	1	1
y bre	1	1
y bre da bkrong	1	1
y bron mlo	1	1
y bron nie	1	1
y buel mlo	1	1
y bui nie	1	1
y bun nie	1	1
y bun than hwing	1	1
y bung	1	1
y buoc eban	1	1
y but	1	1
y byai	1	1
y cai enuol	1	1
y cam	1	1
y cam enuol	1	1
y cam nie	1	1
y can kbuor	1	1
y cep eban	1	1
y chan gun bkrong	1	1
y chan nie	1	1
y chang gun bya	1	1
y chao ayun	1	1
y chap nie	1	1
y chau bya	1	1
y chi	1	1
y chi enuol	1	1
y chien lieng	1	1
y chien nie	1	2
y chien roje	1	1
y chieu	1	1
y chieu mlo	1	1
y chinh kman	1	1
y chinh mlo	1	1
y chon mlo	1	1
y chuong eban	1	1
y chuong kso	1	1
y chuong mlo	1	1
y chuong nie	1	1
y chuyen nie	1	1
y ciu mlo	1	1
y cot ayun	1	1
y cuen eban	1	1
y cuk ayun	1	1
y cum bdap	1	1
y cuong kbuor	1	1
y cuong ksor	1	2
y cuong lieng	1	1
y cuor ayun	1	1
y cuu buon jrang	1	1
y da kman	1	2
y da li eban	1	1
y da ni kuan	1	1
y da niel mlo	1	1
y da wik kbuor	1	1
y dai	1	1
y dai hlong	1	1
y dai knul	1	1
y dam san mlo	1	1
y dambi nie	1	1
y dang nie	1	1
y dao	1	1
y dap	1	1
y dat eban	1	1
y dat nie	1	1
y dat sun bya	1	1
y david nie	1	1
y davit ayun	1	1
y dawid eban	1	1
y dawit adrong	1	1
y de nie	1	1
y den knul	1	1
y den ksor	1	1
y det niekdam	1	1
y dhai bya	1	1
y dhar hlong	1	1
y dhin ayun	1	1
y dhiu enuol	1	1
y dhiu nie	1	1
y dhom buon krong	1	1
y di eban	1	1
y di nar mlo	1	1
y di ndu	1	1
y dia lin ktul	1	1
y dic h dok	1	1
y diem e ban	1	1
y dien nie	1	1
y dieng mlo	1	1
y diep bya	1	1
y diep du	1	1
y dieu kbin	1	1
y dieu lieng hot	1	1
y dik mlo	1	1
y dim nie	1	1
y dinh ayun	1	1
y dinh eban	1	1
y dj har nie kdam	1	1
y do	1	1
y do bya	1	1
y do eban	1	1
y do enuol	1	1
y do eya	1	1
y do nel eban	1	1
y do nie	1	2
y doai eban	1	1
y doanh nie	1	2
y doel bu dong	1	1
y doen nie	1	1
y doi nie	1	1
y don hra	1	1
y don kbuor	1	1
y don mlo	1	2
y don nie	1	1
y drin mlo	1	1
y drun kbuor	1	1
y druynh buon jrang	1	1
y du eban	1	1
y du ly nie ksor	1	1
y du tham nie	1	1
y duan eban	1	1
y duc bao	1	1
y duc hlong	1	1
y duc mlo	1	1
y duen nie	1	1
y duet bya	1	1
y dui eban	1	1
y dun enuol	1	1
y dun nie	1	1
y duna lieng	1	1
y dung bdap	1	1
y dung hlong	1	1
y dung kpor	1	1
y dung nie	1	2
y duong ksor	1	1
y duong ndu	1	1
y duong nie	1	2
y duong tor	1	1
y duy bkrong	1	1
y duy khanh nie	1	1
y duy knia bkrong	1	1
y duy mlo	1	1
y duy nie	1	1
y duy ro tung	1	1
y duy uong	1	1
y duyen	1	1
y duyen eban	1	1
y dzoanh eban	1	1
y e tien nie	1	1
y el bya	1	1
y el mlo	1	1
y en kpor	1	1
y ero ayun	1	1
y fen kbuor	1	1
y fruit du	1	1
y gan knul	1	1
y gan nie	1	1
y gao eung	1	1
y gham ayun	1	1
y ghau bkrong	1	1
y ghi ksor	1	1
y gian	1	1
y giang eban	1	1
y giao nie	1	1
y giap du	1	1
y gieng nie	1	1
y gin mjao	1	1
y gin nie	1	1
y gion nie kdam	1	1
y gir ktul	1	1
y glay nie	1	1
y goang pang sur	1	1
y gol ayun	1	1
y gol bya	1	1
y gon nie	1	1
y goong nie	1	1
y goul nie	1	1
y grat mlo	1	1
y grik bya	1	1
y gron nie	1	1
y gu nie	1	1
y guel nie	1	1
y gui eban	1	1
y gun ayun	1	1
y gut	1	1
y gyly nie kdam	1	1
y ha	1	1
y ha ayun	1	1
y ha buon dap	1	1
y hai buon ya	1	1
y ham mlo	1	1
y han	1	2
y han nie	1	1
y hang	1	3
y hang ro tung	1	1
y hanh	1	1
y hao	1	1
y hao lieng hot	1	1
y hao nie	1	1
y hat	1	1
y hau nie	1	1
y hay rya	1	1
y hem long dung	1	1
y hen buon ya	1	1
y heni eban	1	1
y henri nie	1	1
y her nie	1	1
y hien	1	1
y hien hmok	1	1
y hiep luk	1	1
y hiep mlo	1	1
y hieu	1	1
y hieu kbuor	1	1
y hing ro luk	1	1
y hinh bya	1	1
y hinh eban	1	1
y ho mung	1	1
y hoa	1	3
y hoa lieng hot	1	1
y hoa nom	1	1
y hoai bya	1	1
y hoang bya	1	1
y hoang lieng hot	1	1
y hoang phong hwing	1	1
y hoen kbuor	1	1
y hoi bol	1	1
y hok ayun	1	1
y hon	1	1
y hon pang sur	1	1
y hong dieu	1	1
y hong loan	1	1
y hong nie	1	2
y huan adrong	1	1
y hue ayun	1	1
y huen bya	1	1
y hung bon joc ju	1	1
y hung bya	1	1
y hung eban	1	1
y hung enuol	1	1
y hung hmok	1	1
y hung kbuor	1	1
y hung kpor	1	1
y hung ksor	1	2
y hung lieng	1	1
y hung mlo	1	2
y hung nie	1	2
y hung nie siu	1	1
y hung ro yam	1	1
y huol nie	1	1
y huon knul	1	1
y huong	1	1
y hur bkrong	1	1
y hur nie	1	1
y huu teh	1	1
y huy	1	1
y huy buon dap	1	1
y huy bya	1	1
y huy mlo	1	1
y huy nie	1	3
y huynh	1	2
y huynh buon dap	1	1
y huynh buon ya	1	1
y huynh knul	1	1
y huynh ktla	1	1
y huynh lieng	1	1
y hyui	1	1
y in bya	1	1
y inh mbuon	1	1
y ja kop knul	1	1
y ja min knul	1	1
y ja phet nie	1	1
y jaly nie	1	1
y jam mlo	1	1
y jamin eban	1	1
y jamin nie	1	1
y jan ktla	1	1
y jaran mya	1	1
y jari kbuor	1	1
y jean knul	1	1
y jek san eban	1	1
y jem eban	1	1
y jem my enuol	1	1
y jem nie	1	1
y jem nie kdam	1	1
y jerome buon krong	1	1
y jery knul	1	1
y jery nie	1	1
y jiem nie	1	1
y jieu nie	1	1
y jin mlo	1	1
y jing nie	1	1
y jio bya	1	1
y jo ecam	1	1
y joat	1	1
y johnny nie	1	1
y joi kbuor	1	1
y jol nie ya	1	1
y jonh bya	1	1
y josia bkrong	1	1
y juan adrong	1	1
y juan nie	1	1
y judo nie	1	1
y juel bya	1	1
y juin bkrong	1	1
y jul ayun	1	1
y jun lai eban	1	1
y ka ly hra	1	1
y kaben nie	1	1
y kador nie	1	1
y kai adrong	1	1
y kaih dong jri	1	1
y kaip nie	1	1
y kaisa nie	1	1
y kalep apuot	1	1
y kaly bya	1	1
y kaly mlo	1	1
y kam hlong	1	1
y kam mlo	1	1
y kam nie	1	1
y kar nie	1	1
y kat ayun	1	1
y kha bkrong	1	1
y kha kbuor	1	1
y khai	1	1
y khai luk	1	1
y kham bya	1	1
y kham eban	1	1
y khan	1	1
y khan mlo	1	1
y khan ni nie	1	1
y khang ayun	1	1
y khang nie	1	1
y khanh kbuor	1	1
y khao	1	1
y khao bkrong	1	1
y khau buon dap	1	1
y khe ayun	1	1
y khe mdrang	1	1
y khel bkrong	1	1
y khem eban	1	1
y khen di nie	1	1
y khen knul	1	1
y khen mlo	1	1
y khen ni eban	1	1
y khewin bya	1	1
y khiem kdoh	1	1
y khien dak cat	1	1
y khiep kdoh	1	1
y khieu ayun	1	1
y khieu buon ya	1	1
y khing eban	1	1
y khing ju mlo	1	1
y khiu nie	1	1
y khoa eban	1	2
y khoa nie	1	1
y khoai ayun	1	1
y khoang nie	1	1
y khoer krieng	1	1
y khoi bkrong	1	1
y khoi enuol	1	1
y khoi nie	1	2
y khon ong	1	1
y khot mlo	1	1
y khua nie	1	1
y khuan nie	1	1
y khuan nie kdam	1	1
y khuin nie	1	1
y khuong bya	1	1
y khuong mlo	1	1
y khuyen nom	1	1
y kian niekdam	1	1
y kiem bto	1	1
y kiem nie	1	1
y kiem nie kdam	1	1
y kien nie	1	1
y kiet bya	1	1
y kiet hwing	1	1
y kieu enuol	1	1
y kim hau	1	1
y kim nie	1	1
y kim nie blo	1	1
y kim tai	1	1
y kiu nie	1	1
y klam hmok	1	1
y klep mlo	1	1
y kler nie	1	1
y klin teh	1	1
y klot nie	1	1
y kok m drang	1	1
y kong bkrong	1	1
y koni bya	1	1
y kop mlo	1	1
y krec enuol	1	1
y kreng	1	1
y krong tor	1	1
y krul mlo	1	1
y ku hmok	1	1
y kuak enuol	1	1
y kung bya	1	1
y kuong rcam	1	1
y kut	1	1
y kuyn mdrang	1	1
y ky nie	1	1
y lac nie	1	1
y lai bkrong	1	1
y lam ayun	1	1
y lam enuol	1	1
y lam nie	1	1
y lap pang ting	1	1
y le knul	1	1
y le tran nie	1	1
y le van	1	1
y len bya	1	1
y len nie	1	1
y li con nie	1	1
y lia e ban	1	1
y lia kim nie	1	1
y lich mlo	1	1
y liem bya	1	1
y lien	1	1
y lien bya	1	1
y liep	1	1
y lieu	1	4
y ling nie	1	1
y linh	1	1
y linh buon	1	1
y linh hwing	1	1
y lizen nie	1	1
y lo	1	1
y loai	1	1
y loan	1	1
y loi	1	1
y loi nie	1	1
y lol adrong	1	1
y lon nie	1	1
y long nhi	1	1
y long nie kdam	1	1
y lop ecam	1	1
y lot ktla	1	1
y lu sa kbuor	1	1
y luai ktla	1	1
y luan ksor	1	1
y luat hdok	1	1
y luc	1	1
y ludo nie	1	1
y lui nie kpor	1	1
y luit mlo	1	1
y luk mlo	1	1
y luong ayun	1	1
y luong nie	1	1
y lup nie	1	1
y luyen	1	1
y luyen bjrang	1	1
y ly	1	1
y ly da hwing	1	1
y ly ngo ayun	1	1
y ly nie	1	2
y ly xuong	1	1
y ma ong	1	1
y ma thio mlo	1	1
y mach mlo	1	1
y mak nie	1	1
y mak nie kdam	1	1
y mal eban	1	1
y man fata	1	1
y man pang ting	1	1
y mang ro yam	1	1
y markos nie	1	1
y me	1	1
y mer kbuor	1	1
y mi che mlo	1	1
y mi gen mdrang	1	1
y mic mlo	1	1
y mich bya	1	1
y mida niekdam	1	1
y mik nie	1	1
y milo nie	1	1
y min sruk	1	1
y minh bya	1	1
y minh khoa adrong	1	1
y minh ntor	1	1
y mip mlo	1	1
y mision ayun	1	1
y moan hmok	1	1
y moan ksor	1	1
y moi nie	1	2
y mon adrong	1	1
y mon arul	1	1
y morris nie	1	1
y mroc	1	1
y mua mlo	1	1
y muel mlo	1	1
y muen enuol	1	1
y mui	1	1
y mun kpa	1	1
y mung nie	1	1
y muon ayun	1	1
y muser nie	1	1
y mut kpa	1	1
y my chau	1	1
y na phi la ayun	1	1
y na ty phong adrong	1	1
y nak nie	1	1
y nam adrong	1	1
y nam bkrong	1	1
y nam kman	1	1
y nam mlo	1	2
y nan teh	1	1
y nang	1	1
y nang bya	1	1
y nang lem	1	1
y nay nadi knul	1	1
y ne	1	1
y nei rahlan	1	1
y nen mlo	1	1
y ner eban	1	1
y ngac nie	1	1
y ngam mlo	1	1
y ngan	1	1
y ngan kbuor	1	1
y nganh ndu	1	1
y ngap eban	1	1
y ngenh eban	1	1
y nghenh ksor	1	1
y ngher nie	1	1
y nghia nie	1	1
y nghiep ksor	1	1
y nghiep nie	1	1
y nghinh cil	1	1
y ngia nie	1	1
y nglung	1	1
y ngoa eban	1	1
y ngoa enuol	1	1
y ngoan nie	1	1
y ngoc hwing	1	1
y ngoc ktla	1	1
y ngoc quyen mlo	1	1
y nguai knul	1	1
y nguch nie	1	1
y nguy	1	1
y nguyen ayun	1	1
y nguyen dieu khanh	1	1
y nguyen eban	1	2
y nguyen lieng	1	1
y nguyen ntor	1	1
y nguyet	1	1
y nguyet hwing	1	1
y nham nie	1	1
y nhan	1	1
y nhan bya	1	1
y nhan nie	1	1
y nhao mlo	1	1
y nhat kbuor	1	1
y nhat lao	1	1
y nhat nie	1	1
y nhi	1	1
y nhiem cong huyen tn	1	1
y nhien ding	1	1
y nho enuol	1	1
y nhon	1	1
y nhu	1	1
y nhu ngan	1	1
y nhu tran	1	1
y nhung mlo	1	1
y nhuong	1	1
y ni	1	1
y ni den mlo	1	1
y ni hmok	1	1
y ni nie	1	1
y ni phai nie	1	1
y niel mlo	1	1
y niel nie	1	1
y niem	1	1
y niem adrong	1	1
y niem mlo	1	1
y nieng knul	1	1
y nigo eban	1	1
y nika mlo	1	1
y nikol eban	1	1
y nim eban	1	1
y nim mlo	1	1
y ninh bkrong	1	1
y niong buon ya	1	1
y nip nie	1	1
y nis hdok	1	1
y nish nie	1	1
y niu nie	1	1
y no adrong	1	2
y no ga eban	1	1
y no hlong	1	1
y no hwing	1	1
y noan enuol	1	1
y noang kdoh	1	1
y noel bya	1	1
y not lieng	1	1
y nu nie	1	1
y nue nie	1	1
y nuen nie	1	1
y nuk	1	1
y nung	1	1
y o ne sim kuan	1	1
y oan bya	1	1
y oan nie	1	1
y on nie	1	1
y or dy kbuor	1	1
y ora rya	1	1
y owen nie	1	1
y pam bya	1	1
y pan nie	1	1
y pas eban	1	1
y pen bkrong	1	1
y pen triek	1	1
y per krieng	1	1
y pha mlo	1	1
y pha nie	1	1
y phai bkrong	1	1
y phai nie	1	1
y pham nie	1	1
y phan	1	1
y phan knul	1	1
y phan mlo	1	1
y phan nie	1	1
y phao nie	1	1
y phap nie	1	1
y phat eban	1	1
y phe ong	1	1
y phech nie	1	1
y phel nie	1	1
y phem b dap	1	1
y phem nie	1	1
y phen kdoh	1	1
y phen nie	1	1
y phi	1	1
y phi lip hwing	1	1
y phi lip nie	1	1
y phi long ding	1	1
y phi mlo	1	1
y phich enuol	1	1
y phien eban	1	1
y phieu nie	1	1
y philimon eban	1	1
y philip eban	1	1
y phin eban	1	1
y phin rluk	1	1
y phinh du	1	1
y phiol enuol	1	1
y phit ktla	1	1
y pho knul	1	1
y pho ny du	1	1
y phoa knul	1	1
y phoi eban	1	1
y phol nie	1	1
y phon bjrang	1	1
y phon hwing	1	1
y phon nie	1	1
y phong	1	1
y phong enuol	1	1
y phong mlo	1	1
y phot eban	1	1
y phu kbuor	1	1
y phuc je	1	1
y phuc lieng	1	1
y phuc nie	1	1
y phung nie	1	1
y phung tor	1	1
y phuoc	1	1
y phuoc ayun	1	2
y phuoc nie	1	2
y phuoc ong	1	2
y phuong	1	3
y pil eban	1	1
y piong nie	1	1
y pol bkrong	1	1
y pol kjie	1	1
y pol nie	1	1
y pong eban	1	1
y pop eban	1	1
y pot hwing	1	1
y prao nie	1	1
y prem bjrang	1	1
y priu eban	1	1
y pruet mlo	1	1
y quan bya	1	1
y quan hdok	1	1
y quan nie	1	1
y quang enuol	1	1
y quang nie kdam	1	1
y quang trei	1	1
y que	1	1
y qui bya	1	1
y quy h dok	1	1
y quyen arul	1	1
y quyen mlo	1	1
y quyet hmok	1	1
y quynh kbuor	1	1
y ra mon mlo	1	1
y ra no nie	1	1
y ram mlo	1	1
y ran adrong	1	1
y ran eban	1	1
y rap knul	1	1
y re mi mlo	1	1
y remi nie kdam	1	1
y reu mlo	1	1
y rgei bkrong	1	1
y ri bkrong	1	1
y ri no mlo	1	1
y ric nie	1	1
y rika nie	1	1
y rim eban	1	1
y rim nie	1	1
y rin nie	1	1
y ringo nie	1	1
y rit teh	1	1
y ro bkrong	1	1
y ro bot mlo	1	1
y ro gin nie	1	1
y ro ma eban	1	1
y ro man hdok	1	1
y ro nay nie	1	1
y ro nin mlo	1	1
y ro phi nie	1	1
y ro quy nie	1	1
y ro si eban	1	1
y robi bya	1	1
y rolim eban	1	1
y rova eban	1	1
y royel bya	1	1
y ruin hwing	1	1
y rum mlo	1	1
y rumy bya	1	1
y runa ayun	1	1
y rung mlo	1	1
y rut kbuor	1	1
y sa drak nie	1	1
y sa la eban	1	1
y sa li nie	1	1
y sa mu en bya	1	1
y sac ayun	1	1
y sac knul	1	1
y sacty eban	1	1
y sai bya	1	1
y sai ksor	1	1
y saka nie	1	1
y saly triek	1	1
y sam	1	1
y samak buon ya	1	1
y san	1	1
y san ayun	1	2
y san drea bya kpor	1	1
y san hlong	1	1
y san u e ban	1	1
y san u hdrue	1	1
y san u mlo	1	1
y sang bkrong	1	1
y sang nie kdam	1	1
y sanh knul	1	1
y sao teh	1	1
y sau kbuor	1	1
y sekin eban	1	1
y sel ayun	1	1
y sel mlo	1	1
y sen	1	1
y sen phok	1	1
y seng bya	1	1
y sep arul	1	1
y sep bkrong	1	1
y sep nie	1	1
y set nie	1	1
y set sruk	1	1
y si ma bya	1	1
y si ndu	1	1
y si wan eban	1	1
y siek nie	1	1
y siel hwing	1	1
y sier mlo	1	1
y sieu eban	1	1
y silaih ayun	1	1
y simon h drue	1	1
y sinh dak cat	1	1
y sinh hra	1	1
y sinh mlo	1	1
y sion adrong	1	1
y sion eban	1	1
y so	1	1
y so la giang	1	1
y so mi kuan	1	1
y so mi sruk	1	1
y so nie	1	1
y so pho ni bkrong	1	1
y soan alio	1	1
y soen nie	1	1
y soi hwing	1	1
y sol hlong	1	1
y son	1	1
y son buon ya	1	1
y son eban	1	1
y son hdok	1	1
y son mlo	1	1
y son nie	1	1
y son pang ting	1	1
y song enuol	1	1
y sonik b dap	1	1
y sot kbuor	1	1
y steven nie hrah	1	1
y su nie	1	2
y sue eban	1	1
y suec adrong	1	1
y suel nie	1	1
y suen nie	1	1
y suet ayun	1	1
y suin ayun	1	1
y suin mlo	1	1
y suin nie	1	1
y suk kbuor	1	1
y sun h dok	1	1
y sun sruk	1	1
y sung hlong	1	1
y suoi ayun	1	1
y suom enuol	1	1
y suon buon krong	1	1
y suong bya	1	1
y suor nie	1	1
y suyen bya	1	1
y suyt eban	1	1
y sy that ksor	1	1
y tach bkrong	1	1
y tai bya	1	1
y talin knul	1	1
y tam	1	3
y tam nie	1	1
y tam niesieng	1	1
y tam pang ting	1	1
y tan eban	1	1
y tan h mok	1	1
y tan nie	1	1
y tan trung	1	1
y tang apuot	1	1
y tang ro luk	1	1
y tao amlo	1	1
y tao hwing	1	2
y tap nie	1	1
y tay lieng	1	1
y te adat	1	1
y te nie kdam	1	1
y tha ayun	1	1
y tha de nie	1	1
y tha hwing	1	1
y tha nut	1	1
y thai adrong	1	1
y thai ayun	1	1
y thai buon ya	1	1
y thai eban	1	2
y thai h mok	1	1
y tham	1	1
y tham ayun	1	1
y tham hmok	1	1
y tham nie	1	1
y than	1	1
y than mlo	1	1
y thang b dap	1	1
y thang eban	1	1
y thang knul	1	1
y thang sruk	1	1
y thanh nie	1	1
y thani nieksieng	1	1
y thao	1	2
y thap	1	1
y thap nie	1	1
y the bya	1	1
y thi	1	1
y thi del mlo	1	1
y thi hong tri	1	1
y thi nie	1	1
y thi thu loan	1	1
y thi tien	1	1
y thiek	1	2
y thiem bkrong	1	1
y thiem bya	1	1
y thiem e nuol	1	1
y thiem mlo	1	1
y thien adrong	1	2
y thien eban	1	1
y thien nie	1	2
y thiet mlo	1	1
y thiet nie	1	1
y thiet sruk	1	1
y thieu ndu	1	1
y thieu nie kdam	1	1
y thin nie	1	1
y thinh nie	1	1
y thio sruk	1	1
y thip nie	1	1
y tho knul	1	1
y tho mlo	1	1
y thoa	1	2
y thoai hmok	1	1
y thoai nie kdam	1	1
y thoan adrong	1	1
y thoan ecam	1	1
y thoang eban	1	1
y thoang kbuor	1	1
y thom	1	1
y thom adrong	1	1
y thom mlo	1	1
y thom nie	1	1
y thong eban	1	1
y thong krong	1	1
y thot nie	1	1
y thu eban	1	1
y thu nie	1	3
y thu ning ntor	1	1
y thua mlo	1	2
y thuan hwing	1	1
y thuan knul	1	1
y thuan mlo	1	1
y thuan nie	1	4
y thuat hlong	1	1
y thuat nie	1	1
y thuc mlo	1	1
y thuc nie	1	1
y thuel b krong	1	1
y thuel eban	1	1
y thuel h dok	1	1
y thuk bya	1	1
y thun nie hra	1	1
y thuo nie	1	1
y thuong	1	1
y thuong enuol	1	2
y thuong nie	1	1
y thuy	1	1
y thuyen bya	1	1
y thuyet bdap	1	1
y thuyet kman	1	1
y thuyn	1	1
y thuyn siu	1	1
y ti hdok	1	1
y ti nie kdam	1	1
y tiem bya	1	1
y tien	1	1
y tien hdrai	1	1
y tien mlo duon du	1	1
y tiep bya	1	1
y tin bya	1	1
y tin lieng	1	1
y tin mlo	1	1
y tin nie	1	2
y tinh nie ksa	1	1
y tit buon ya	1	1
y tit bya	1	1
y tlap buon dap	1	1
y tlep kbuor	1	1
y toan knul	1	1
y toan nie	1	1
y toang kdoh	1	1
y toi hdrue	1	1
y ton eban	1	2
y ton enuol	1	2
y ton mlo	1	1
y tong nie	1	1
y top apuot	1	1
y top enuol	1	1
y tot eban	1	1
y tran	1	1
y tran trung nguyen kbuor	1	1
y trang	1	2
y trang buon k rong	1	1
y trap nie	1	1
y tren nie	1	1
y tri	1	1
y triem bya	1	1
y trieu eban	1	1
y troi	1	1
y troi arul	1	1
y trong nghia	1	1
y trong nie	1	1
y tror knul	1	1
y tros eban	1	1
y truc	1	1
y truc buon krong	1	1
y truc eban	1	1
y truk ayun	1	2
y truk nie kdam	1	1
y truong bing	1	1
y truong lieng	1	1
y truyen	1	1
y truyen eban	1	1
y tu	1	1
y tu buon dap	1	1
y tu hwing	1	1
y tu mlo	1	1
y tu nie	1	1
y tu teh	1	1
y tuan kbuor	1	1
y tuan knul	1	1
y tuan mlo	1	1
y tuan ryam	1	1
y tuen eban	1	1
y tuih niekdam	1	1
y tuin nie	1	1
y tung bhok	1	1
y tuoi knul	1	1
y tuoi lieng hot	1	1
y tuong bya	1	1
y tuyen bkrong	1	1
y tuyen du	1	1
y tuyen kbuor	1	1
y tuyen krieng	1	1
y tuyet	1	1
y tuyet ly	1	1
y tuyn eban	1	1
y tuyn nie	1	1
y tuynh nie	1	1
y ty buon	1	1
y ty nie	1	1
y u knul	1	1
y u mlo	1	1
y uen	1	1
y ui ly buon ya	1	1
y uri enuol	1	1
y ut	1	1
y vansi ayun	1	1
y viet ken	1	1
y vinh	1	1
y vinh bya	1	1
y vinh mlo	1	1
y vinh nie	1	2
y vit nie	1	1
y vong m lo	1	1
y vu	1	1
y vu buon jrang	1	1
y vu bya	1	1
y vu hmok	1	1
y vu mlo	1	1
y vuih nie	1	1
y vung buon krong	1	1
y vuong	1	2
y vuong knul	1	1
y vuong mlo	1	1
y vuot hwing	1	1
y wan mlo	1	1
y wang buon rung	1	1
y wang nie	1	1
y wi kbuor	1	1
y wim rcam	1	1
y win nie	1	2
y woi mlo	1	1
y wol nie	1	1
y won ktla	1	1
y wuk nie	1	1
y wuong eban	1	1
y wuong mlo	1	1
y wuong nie	1	1
y xem bya	1	1
y xia	1	1
y xiam long ding	1	2
y xuan phuong	1	1
y xuan ra nie	1	1
y xuyen	1	1
y y	1	1
y y eban	1	1
y ya ko hwing	1	1
y ya kob eban	1	1
y ya kop bya	1	1
y ya ly ro yam	1	1
y yacop mlo	1	1
y yan nie	1	1
y yek kpor	1	1
y yeng bya	1	1
y yer nie	1	1
y yi nie	1	1
y yo nas apuot	1	1
y yo nie	1	1
y yo sia ktla	1	1
y yoi dung	1	1
y yok adrong	1	1
y yom nie kdam	1	1
y yomi bkrong	1	1
y yon ding	1	1
y yop bya	1	1
y yu hwing	1	1
y yuel ktla	1	1
y yuer aroh	1	1
y yuom nie	1	1
y yuor bkrong	1	1
y yup nie	1	1
y yusue nie	1	1
y zaghi ayun	1	1
y ze nie	1	1
y zi nie	1	1
y zin ayun	1	2
y zin buon ya	1	1
y zin hwing	1	1
y zin nie	1	1
y zo na nie	1	1
y zol nie	1	1
y zon ayun	1	1
y zon buon ya	1	1
y zon nie	1	3
y zuang adrong	1	1
ya bien	1	1
ya dai hung dung	1	1
ya dien	1	1
ya duyet	1	1
ya keo	1	1
ya sinh	1	1
ya than	1	1
yaly	1	1
yang bo yim	1	1
yang kar nhu	1	1
ybcon kson	1	1
ychuyen ayun	1	1
ydel thi nga	1	1
ydon bkrong	1	1
yeh nha cam	1	1
yem mai	1	2
yen	1	2
yen bao nguyen	1	1
yen diep	1	1
yen doan	1	2
yen hai tran	1	1
yen ho	1	5
yen hoang	1	1
yen khu	1	1
yen le	1	1
yen le thi	1	1
yen ly	1	1
yen manh dung	1	1
yen n	1	1
yen nam phong	1	1
yen nghiem	1	1
yen ngo	1	1
yen ngu	1	1
yen nguyen	1	1
yen nguyen kim hong	1	2
yen nguyen thi phi	1	1
yen pham	1	1
yen pham thi	1	1
yen phan	1	1
yen phi dang	1	1
yen quoc nghia	1	2
yen thi hang	1	1
yen thi loan	1	2
yen thi yen anh	1	1
yen tieu	1	1
yen tran	1	37
yen tran hai	1	1
yen tran ngoc	1	1
yen trieu minh	1	1
yen trung dat	1	1
yen van buong	1	1
yen van hoa	1	1
yeng sovann	1	1
yeu chang	1	1
yeu q nguyen	1	1
yeu thuong	1	1
yi thi yen vy	1	1
yin bui bich lan	1	2
yin pac nhi	1	1
yoeik ly	1	1
yoem rattana	1	1
yok r la wai	1	1
yoon tu quyen	1	1
you dakrai	1	1
youen sam bat	1	1
yrom kbuor	1	1
ysa jay nap	1	1
yu gia thoai	1	1
yu nguyen tu	1	1
yumi bya	1	1
