qoach kim cuong	1	1
qua binh thu nguyet	1	1
qua bui thi	1	1
qua cuu sieu cham	1	1
qua dang	1	1
qua nguyen	1	1
qua phan	1	1
qua thuy diem	1	1
quach ai minh	1	1
quach ai phuong	1	1
quach ai quyen	1	1
quach an binh	1	1
quach anh	1	1
quach anh duong	1	1
quach anh hao	1	2
quach anh khanh	1	1
quach anh khoa	1	1
quach anh quan	1	1
quach anh tai	1	1
quach anh thu	1	1
quach anh tu	1	1
quach anh tuan	1	3
quach ba cuong	1	1
quach ba hiep	1	1
quach ba hoa	1	1
quach ba huynh	1	1
quach ba lam	1	1
quach bao anh	1	1
quach bao duyen	1	2
quach bao khang	1	1
quach bao linh	1	1
quach bao long	1	1
quach bao nghi	1	1
quach bao ngoc	1	1
quach bao nhi	1	2
quach bao tran	1	1
quach bao uyen	1	1
quach bich ngoc	1	1
quach bich tram	1	1
quach binh an	1	1
quach binh long	1	1
quach boi boi	1	1
quach boi ngan	1	1
quach boi nhu	1	1
quach bui duy tri	1	1
quach bun	1	1
quach cam anh	1	2
quach cam ly	1	1
quach cao duong	1	1
quach cao hoi	1	1
quach cao hy	1	1
quach cao minh	1	1
quach cao minh duc	1	1
quach cao mung	1	1
quach cao nguyen	1	1
quach cao tien manh	1	1
quach cao tung	1	1
quach chan hoang	1	1
quach chanh dai thanh thien	1	1
quach chanh dat	1	1
quach chanh sang	1	1
quach chau doan	1	1
quach chau giang	1	1
quach chau ngoc quynh	1	1
quach chen	1	1
quach chi bao	1	1
quach chi dung	1	1
quach chi hung	1	1
quach chi kiet	1	1
quach chi tam	1	1
quach co thai	1	1
quach cong chanh	1	2
quach cong chi	1	1
quach cong chien	1	1
quach cong chinh	1	1
quach cong chuc	1	1
quach cong chung	1	1
quach cong cuong	1	1
quach cong dat	1	1
quach cong duc	1	1
quach cong hieu	1	2
quach cong hoang	1	1
quach cong hoat	1	1
quach cong huy	1	2
quach cong khien	1	1
quach cong kien	1	1
quach cong kieu lan	1	1
quach cong lam	1	1
quach cong linh	1	1
quach cong luat	1	1
quach cong luc	1	1
quach cong luong	1	1
quach cong minh	1	1
quach cong quan	1	1
quach cong quang	1	2
quach cong quyet	1	1
quach cong son	1	1
quach cong tai	1	1
quach cong thang	1	1
quach cong thanh	1	3
quach cong thao	1	1
quach cong thinh	1	1
quach cong tri	1	1
quach cong trong	1	1
quach cong tu	1	1
quach cong van	1	1
quach dac duc manh	1	1
quach dac thanh	1	1
quach dac thoa	1	1
quach dai anh quy	1	1
quach dai duc	1	1
quach dai hoang kien	1	1
quach dai huynh	1	1
quach dai nam	1	1
quach dai nghia	1	1
quach dai ninh	1	1
quach dai quang	1	1
quach dai son	1	1
quach dai song	1	1
quach dai tien	1	1
quach dai tung	1	1
quach dan anh	1	1
quach dang binh	1	1
quach dang duy	1	1
quach dang huy	1	1
quach dang khoa	1	2
quach dang manh	1	1
quach dang men	1	1
quach dang nha quyen	1	1
quach dang phuong hue	1	1
quach dang quang	1	1
quach dang tien	1	2
quach dang truong	1	2
quach dang tu	1	1
quach dang tuan duong	1	1
quach danh nghiep	1	1
quach danh ngoc	1	1
quach diem my	1	1
quach diem nhi	1	2
quach diem quynh	1	1
quach diep	1	1
quach diep chau anh	1	1
quach diep minh nhan	1	1
quach diep thuy doan	1	1
quach dieu anh	1	2
quach dieu linh	1	2
quach dieu man	1	1
quach dinh ban	1	1
quach dinh chieu	1	1
quach dinh cong	1	1
quach dinh cuong	1	1
quach dinh dam	1	2
quach dinh duc	1	1
quach dinh dung	1	2
quach dinh duy	1	1
quach dinh hiep	1	1
quach dinh hoan	1	1
quach dinh hoi	1	1
quach dinh huong	1	1
quach dinh luat	1	1
quach dinh luc	1	1
quach dinh manh	1	1
quach dinh nam long	1	1
quach dinh nghia	1	1
quach dinh ngo	1	1
quach dinh nhan	1	1
quach dinh nhu	1	1
quach dinh ninh	1	1
quach dinh phuc	1	1
quach dinh quang	1	1
quach dinh thai	1	1
quach dinh thang	1	1
quach dinh thao	1	1
quach dinh tien	1	1
quach dinh trong	1	1
quach dinh truong	1	1
quach dinh tuan	1	3
quach dinh tung	1	1
quach dinh tuyen	1	1
quach dinh van	1	1
quach dinh vuong	1	1
quach do hoang son	1	1
quach do khanh trieu	1	1
quach do to uyen	1	1
quach doan phuong	1	1
quach dong thach	1	1
quach dong tin	1	1
quach duc an	1	1
quach duc anh	1	1
quach duc cuong	1	2
quach duc hoc	1	1
quach duc kha	1	1
quach duc nguyen	1	1
quach duc quy	1	1
quach duc tan	1	1
quach duc thang	1	1
quach duc thinh	1	1
quach duc thuan	1	1
quach duc tinh	1	1
quach duc toan	1	2
quach duc tuan	1	1
quach due mai	1	1
quach dung phong	1	1
quach duong buu nguyen	1	1
quach duong ha phuong	1	1
quach duong hai dang	1	1
quach duong nam khanh	1	1
quach duong thanh	1	1
quach duy anh	1	2
quach duy hai	1	1
quach duy hung	1	2
quach duy khuong	1	1
quach duy linh	1	1
quach duy nam	1	1
quach duy phan	1	1
quach duy quoc nam	1	1
quach duy tan	1	1
quach duy tien	1	1
quach duy tu	1	1
quach gia bao	1	4
quach gia buu	1	1
quach gia du	1	1
quach gia han	1	1
quach gia hieu	1	1
quach gia huy	1	2
quach gia hy	1	1
quach gia kiet	1	1
quach gia loc	1	1
quach gia nghi	1	2
quach gia phong	1	1
quach gia thanh	1	1
quach giang anh nguyet	1	1
quach giang son	1	1
quach ha kha huy	1	1
quach ha my	1	1
quach ha phong	1	1
quach ha trang	1	1
quach ha vy	1	1
quach hai anh	1	1
quach hai dang	1	2
quach hai ha	1	1
quach hai huy	1	1
quach hai huyen	1	1
quach hai linh	1	3
quach hai minh	1	1
quach hai minh phuong	1	1
quach hai my	1	1
quach hai nam	1	2
quach hai quan	1	1
quach hai son	1	1
quach hai thao	1	1
quach hai trieu	1	2
quach hai yen	1	1
quach han di	1	1
quach hang nga	1	2
quach hanh phuong	1	1
quach hien luong	1	1
quach hien mai	1	1
quach hiep hoang	1	1
quach hiep thanh	1	1
quach hiep y	1	1
quach hieu phuc	1	1
quach ho	1	1
quach ho hoang thuan	1	1
quach ho huy hoang	1	1
quach hoa mai	1	1
quach hoai long	1	1
quach hoai nam	1	1
quach hoai nhan	1	1
quach hoai phong	1	1
quach hoai thu	1	1
quach hoang an	1	2
quach hoang anh	1	1
quach hoang duong	1	1
quach hoang gia	1	1
quach hoang giang	1	1
quach hoang hoai linh	1	1
quach hoang huy	1	1
quach hoang linh	1	3
quach hoang long	1	1
quach hoang mai anh	1	1
quach hoang minh	1	2
quach hoang nam	1	2
quach hoang tien	1	1
quach hoang trung	1	1
quach hoang viet	1	1
quach hon thai	1	1
quach hong dao	1	1
quach hong duc	1	2
quach hong duc hien	1	1
quach hong ha	1	1
quach hong hiep	1	1
quach hong hue	1	2
quach hong linh	1	3
quach hong long	1	1
quach hong phong	1	1
quach hong quan	1	1
quach hong tam	1	1
quach hong thom	1	1
quach hong thu	1	1
quach hong y	1	1
quach hua lam	1	1
quach hue kien	1	1
quach hue linh	1	2
quach hue nhu	1	1
quach hue tran	1	1
quach hung	1	1
quach hung cuong	1	1
quach hung huy	1	1
quach hung long	1	1
quach hung phu	1	3
quach hung phuc	1	1
quach hung thinh	1	1
quach huong giang	1	1
quach huong quynh	1	1
quach huu cuong	1	1
quach huu danh	1	1
quach huu dinh	1	1
quach huu dung	1	1
quach huu duong	1	1
quach huu duy	1	1
quach huu hao	1	1
quach huu huy	1	1
quach huu huynh	1	1
quach huu ki	1	1
quach huu ky	1	1
quach huu luat	1	1
quach huu manh	1	1
quach huu minh	1	1
quach huu nam	1	1
quach huu nghia	1	1
quach huu nu	1	1
quach huu quyen	1	1
quach huu son	1	1
quach huu thang	1	1
quach huu thao	1	1
quach huu thinh	1	1
quach huu tho	1	1
quach huu thuc	1	1
quach huu truong	1	1
quach huu tung	1	1
quach huy diep	1	1
quach huy duc	1	1
quach huy hoang	1	2
quach huy nam	1	2
quach huy ngoc	1	1
quach huy quan	1	1
quach huy tai	1	1
quach huy tien	1	1
quach huy tuan	1	1
quach huyen duc	1	1
quach huyen my	1	1
quach huyen trang	1	2
quach huynh long chan	1	1
quach huynh truc lam	1	1
quach ich bao	1	1
quach kha doanh	1	1
quach kha nhi	1	1
quach khai anh	1	1
quach khai danh	1	1
quach khai hoa	1	1
quach khai hung	1	1
quach khanh linh	1	6
quach khanh ly	1	1
quach khanh tuan	1	1
quach khanh vy	1	1
quach khoa vinh	1	1
quach khoi nguyen	1	1
quach khuong	1	1
quach khuong duy	1	1
quach khuong quyen	1	1
quach kiem	1	1
quach kien dat	1	1
quach kien quoc	1	1
quach kiet van	1	1
quach kim anh	1	1
quach kim chung	1	1
quach kim dung	1	1
quach kim hien	1	1
quach kim hoan	1	1
quach kim hoc	1	1
quach kim lang	1	1
quach kim loi	1	1
quach kim ngan	1	2
quach kim nguyen	1	1
quach kim nhung	1	1
quach kim phen	1	1
quach kim tien	1	1
quach kim xoan	1	1
quach ky duyen	1	1
quach ky lan	1	1
quach lam diem quynh	1	1
quach lam minh hieu	1	1
quach lan anh	1	1
quach le anh	1	1
quach le dung	1	1
quach le gia huy	1	1
quach le ha ly	1	1
quach le hieu	1	1
quach le minh	1	2
quach le tam	1	1
quach le thanh thanh	1	1
quach le thuy	1	1
quach le thuy van	1	1
quach le vi	1	1
quach le viet tung	1	1
quach liem chien	1	1
quach liem hoang	1	1
quach linh chi	1	1
quach linh hue	1	1
quach loc nguyen khue	1	1
quach long khanh	1	1
quach luong anh thu	1	1
quach mai anh	1	2
quach mai duy kha	1	1
quach mai hong	1	1
quach mai hung	1	1
quach mai huong	1	1
quach mai linh	1	1
quach mai phuong	1	1
quach man nuong	1	1
quach manh cuong	1	2
quach manh dung	1	1
quach manh hao	1	1
quach manh hung	1	6
quach manh khiem	1	1
quach manh linh	1	1
quach manh loc	1	1
quach manh phu	1	1
quach manh tam	1	1
quach manh thang	1	1
quach manh the	1	1
quach manh tien	1	1
quach manh tuan	1	1
quach minh anh	1	4
quach minh chau	1	1
quach minh chien	1	3
quach minh cong	1	1
quach minh duc	1	5
quach minh hien	1	1
quach minh hieu	1	2
quach minh hoa	1	1
quach minh hoang	1	1
quach minh hy	1	1
quach minh khang	1	1
quach minh luan	1	1
quach minh ngoc	1	1
quach minh nguyen	1	2
quach minh phat	1	1
quach minh quang	1	1
quach minh qui	1	1
quach minh son	1	1
quach minh tam	1	1
quach minh tan	1	2
quach minh thu	1	3
quach minh tien	1	1
quach minh trang	1	1
quach minh tri	1	1
quach minh tuan	1	1
quach minh tuyen	1	3
quach mong bao vy	1	1
quach my ha	1	1
quach my hanh	1	2
quach my linh	1	5
quach my mai	1	1
quach my ngan	1	1
quach my nhan	1	1
quach my nhi	1	1
quach my tien	1	1
quach my trinh	1	1
quach my xuan	1	1
quach nghe nhat minh	1	1
quach nghinh xuan	1	1
quach ngo bich ly	1	1
quach ngoc	1	1
quach ngoc ai tram	1	1
quach ngoc anh	1	4
quach ngoc bich	1	1
quach ngoc chau anh	1	1
quach ngoc duc anh	1	1
quach ngoc dung	1	1
quach ngoc ha	1	3
quach ngoc hai	1	1
quach ngoc han	1	1
quach ngoc hien	1	3
quach ngoc huan	1	1
quach ngoc hung	1	1
quach ngoc huy	1	1
quach ngoc huyen	1	2
quach ngoc keo	1	1
quach ngoc khang	1	1
quach ngoc lam	1	1
quach ngoc lan	1	1
quach ngoc loan	1	1
quach ngoc long	1	1
quach ngoc luong	1	1
quach ngoc mai	1	1
quach ngoc minh	1	3
quach ngoc minh thu	1	1
quach ngoc nga	1	1
quach ngoc nha quynh	1	1
quach ngoc nhu y	1	1
quach ngoc phung	1	1
quach ngoc phuong dung	1	1
quach ngoc quang	1	1
quach ngoc que	1	1
quach ngoc quynh	1	2
quach ngoc quynh giang	1	1
quach ngoc tam	1	1
quach ngoc thanh	1	1
quach ngoc tho	1	1
quach ngoc thuy duy	1	2
quach ngoc tien	1	1
quach ngoc toan	1	2
quach ngoc tram	1	2
quach ngoc tri	1	1
quach ngoc trinh	1	1
quach ngoc tu	1	3
quach ngoc tung ngan	1	1
quach ngoc uyen	1	1
quach ngoc van	1	1
quach ngoc viet	1	1
quach ngoc vinh	1	1
quach ngoc vuong	1	1
quach ngoc xuan	1	1
quach ngoc yen my	1	1
quach nguyen duc nhan	1	1
quach nguyen hoai thi	1	1
quach nguyen hoang phuc	1	1
quach nguyen huy sang	1	1
quach nguyen huyen trinh	1	1
quach nguyen kha	1	1
quach nguyen kim hang	1	1
quach nguyen ngoc dao	1	1
quach nguyen thanh phong	1	1
quach nguyen to uyen	1	2
quach nguyen trung	1	2
quach nguyen vinh nghi	1	1
quach nguyet anh	1	1
quach nguyet nhi	1	1
quach nha tam	1	1
quach nha uyen	1	1
quach nhat an	1	1
quach nhat anh	1	1
quach nhat dang	1	1
quach nhat tuan	1	1
quach nhi khang	1	1
quach nhu quynh	1	2
quach nhu son	1	1
quach nhu tuan	1	1
quach nhu y	1	2
quach nhut bao vu	1	1
quach nu hoang thi	1	1
quach nu quynh nhu	1	1
quach nu thu an	1	1
quach pham khanh huyen	1	1
quach pham phuong quyen	1	1
quach pham phuong thao	1	1
quach pham thuy vi	1	1
quach pham tu anh	1	1
quach pham xuan dao	1	1
quach phat luong	1	1
quach phat tai	1	1
quach phi truong	1	1
quach phong nguyen	1	1
quach phu thanh	1	3
quach phu thinh	1	1
quach phung hieu	1	1
quach phung hoan	1	1
quach phuong anh	1	2
quach phuong chi	1	1
quach phuong dung	1	1
quach phuong duy	1	1
quach phuong ha	1	1
quach phuong hoa	1	2
quach phuong huyen	1	2
quach phuong linh	1	1
quach phuong nam	1	2
quach phuong nhi	1	1
quach phuong quynh	1	1
quach phuong thanh	1	1
quach phuong thao	1	3
quach phuong thuy	1	1
quach phuong tu	1	1
quach phuong yen	1	1
quach quan	1	1
quach quan bao	1	1
quach quan bieu	1	1
quach quang hong	1	1
quach quang hung	1	1
quach quang huy	1	3
quach quang hy	1	1
quach quang khai	1	1
quach quang linh	1	1
quach quang loi	1	1
quach quang long	1	1
quach quang minh	1	1
quach quang quy	1	1
quach quang trung	1	1
quach quang tuan	1	1
quach quang tung	1	1
quach quang vinh	1	1
quach que anh	1	1
quach que tran	1	1
quach quoc huy	1	1
quach quoc sang	1	1
quach quoi phuong	1	1
quach quynh nhu	1	2
quach si phan anh	1	1
quach si thai	1	1
quach so nghia	1	1
quach son dong	1	1
quach son hieu	1	1
quach son tung	1	1
quach song danh	1	1
quach sum thanh	1	1
quach sy anh	1	2
quach ta hieu	1	1
quach tai	1	1
quach tai nguyen	1	1
quach tai thanh	1	1
quach tam phuc	1	1
quach tan an	1	1
quach tan buu	1	1
quach tan dat	1	1
quach tan khoa	1	2
quach tan phat	1	1
quach tan phu	1	1
quach tan sang	1	1
quach tan than	1	1
quach tan vinh	1	1
quach tan vu	1	1
quach tat hung	1	1
quach tat nhien	1	1
quach tat quang	1	1
quach thai an	1	2
quach thai bao	1	2
quach thai can	1	1
quach thai linh	1	1
quach thai phuc	1	1
quach thai son	1	3
quach thanh	1	1
quach thanh an	1	1
quach thanh binh	1	2
quach thanh can	1	1
quach thanh chuong	1	2
quach thanh cong	1	3
quach thanh dan	1	1
quach thanh danh	1	1
quach thanh dat	1	1
quach thanh do	1	1
quach thanh duyen	1	1
quach thanh hai	1	1
quach thanh hoa	1	1
quach thanh hoang	1	1
quach thanh hung	1	1
quach thanh huong	1	1
quach thanh khoa	1	1
quach thanh lam	1	3
quach thanh long	1	1
quach thanh nam	1	4
quach thanh ngu	1	1
quach thanh nha	1	1
quach thanh nhung	1	1
quach thanh phat	1	1
quach thanh son	1	4
quach thanh tam	1	1
quach thanh thai	1	1
quach thanh thao	1	1
quach thanh trang	1	2
quach thanh truc	1	1
quach thanh tu	1	1
quach thanh tuan	1	2
quach thanh tung	1	4
quach thanh tuong	1	1
quach thanh vu	1	1
quach thanh xuan	1	1
quach thao	1	1
quach thao linh	1	1
quach thao nhi	1	1
quach thao nhu	1	1
quach thao uyen	1	1
quach thao van	1	2
quach thao vy	1	1
quach the anh	1	1
quach the cong	1	1
quach the dat	1	2
quach the dung	1	1
quach the duy	1	2
quach the hung	1	2
quach the huy	1	1
quach the lu	1	1
quach the manh	1	1
quach the nam	1	2
quach the nguyen	1	1
quach the tai	1	1
quach the truong	1	1
quach thi anh	1	2
quach thi anh huong	1	1
quach thi anh thu	1	1
quach thi anh tuyet	1	1
quach thi bao yen	1	1
quach thi be	1	1
quach thi bich	1	1
quach thi bich loan	1	1
quach thi bich mai	1	1
quach thi bich ngoc	1	1
quach thi bich phuong	1	1
quach thi bich tran	1	1
quach thi cam	1	1
quach thi cam huyen	1	1
quach thi cham	1	1
quach thi chinh	1	1
quach thi cuc	1	1
quach thi danh	1	1
quach thi diem my	1	1
quach thi diem thuy	1	1
quach thi dieu	1	3
quach thi dieu phuong	1	1
quach thi dinh	1	1
quach thi dung	1	3
quach thi dung khanh	1	1
quach thi duyen	1	2
quach thi giang	1	2
quach thi giang huong	1	1
quach thi gioi	1	1
quach thi ha	1	5
quach thi ha trang	1	1
quach thi ha vy	1	1
quach thi hai au	1	1
quach thi hai yen	1	3
quach thi hang	1	4
quach thi hang nga	1	1
quach thi hanh	1	3
quach thi hao	1	1
quach thi hau	1	1
quach thi hien	1	2
quach thi hien chan	1	2
quach thi hieu	1	1
quach thi hoa	1	9
quach thi hoai	1	2
quach thi hoai linh	1	1
quach thi hoai ly	1	1
quach thi hoai nhi	1	1
quach thi hoai nhuy	1	1
quach thi hoai thuong	1	1
quach thi hoan	1	3
quach thi hoang	1	1
quach thi hoang huong	1	1
quach thi hoang oanh	1	1
quach thi hon	1	1
quach thi hong	1	4
quach thi hong linh	1	1
quach thi hong loan	1	1
quach thi hong ngoc	1	2
quach thi hong nhung	1	4
quach thi hong quyen	1	1
quach thi hong sa	1	1
quach thi hong thu	1	1
quach thi hong van	1	3
quach thi hop	1	2
quach thi hue	1	3
quach thi huong	1	3
quach thi huyen	1	6
quach thi huyen dat	1	1
quach thi huyen thuong	1	1
quach thi huyen trang	1	3
quach thi khanh	1	1
quach thi khanh huyen	1	1
quach thi khanh ly	1	1
quach thi khanh vy	1	1
quach thi khuyen	1	1
quach thi kieu	1	1
quach thi kieu van	1	1
quach thi kim anh	1	1
quach thi kim chau	1	1
quach thi kim chi	1	2
quach thi kim cuc	1	1
quach thi kim dinh	1	1
quach thi kim loan	1	1
quach thi kim ngan	1	1
quach thi kim oanh	1	1
quach thi kim thao	1	1
quach thi kim thoa	1	3
quach thi kim tuyen	1	1
quach thi kim yen	1	1
quach thi lam	1	1
quach thi lam anh	1	1
quach thi lam oanh	1	1
quach thi lan	1	1
quach thi lan anh	1	5
quach thi lan huong	1	1
quach thi lan oanh	1	1
quach thi lan thuong	1	1
quach thi le	1	1
quach thi le quan	1	1
quach thi le quyen	1	1
quach thi le trinh	1	1
quach thi lien	1	1
quach thi lieu ha	1	1
quach thi linh	1	1
quach thi linh trang	1	1
quach thi loi	1	3
quach thi luan	1	1
quach thi luong chi	1	1
quach thi ly	1	1
quach thi ly ly	1	1
quach thi mai	1	2
quach thi mai huong	1	1
quach thi mai loan	1	1
quach thi mai trang	1	1
quach thi manh	1	1
quach thi mi	1	1
quach thi minh anh	1	1
quach thi minh hue	1	1
quach thi minh khuyen	1	1
quach thi minh nghia	1	1
quach thi minh nguyet	1	1
quach thi minh tam	1	1
quach thi minh thu	1	1
quach thi minh thuy	1	2
quach thi mong nhu	1	1
quach thi mua	1	1
quach thi my	1	1
quach thi my duyen	1	1
quach thi my hanh	1	1
quach thi my huyen	1	1
quach thi my linh	1	1
quach thi my nha	1	1
quach thi na	1	1
quach thi nam	1	1
quach thi nam phuong	1	1
quach thi nen	1	1
quach thi nga	1	3
quach thi ngan	1	1
quach thi ngoc	1	3
quach thi ngoc anh	1	5
quach thi ngoc bich	1	3
quach thi ngoc bien	1	1
quach thi ngoc chi	1	1
quach thi ngoc diep	1	1
quach thi ngoc ha	1	2
quach thi ngoc khanh	1	1
quach thi ngoc lan	1	1
quach thi ngoc thao	1	1
quach thi ngoc tram	1	2
quach thi nguyen	1	2
quach thi nguyet	1	1
quach thi nhan	1	1
quach thi nhat linh	1	1
quach thi nhi	1	1
quach thi nhu	1	1
quach thi nhu phuong	1	1
quach thi nhu quynh	1	1
quach thi nhu thao	1	1
quach thi nhu y	1	2
quach thi nhung	1	3
quach thi niem	1	1
quach thi no	1	1
quach thi noi	1	1
quach thi oanh	1	1
quach thi phien	1	1
quach thi phong	1	1
quach thi phuc huyen	1	1
quach thi phung	1	1
quach thi phuong	1	6
quach thi phuong anh	1	2
quach thi phuong cham	1	1
quach thi phuong mai	1	1
quach thi phuong nam	1	1
quach thi phuong nhung	1	1
quach thi phuong quy	1	1
quach thi phuong thao	1	4
quach thi phuong trinh	1	1
quach thi phuong uyen	1	1
quach thi que anh	1	1
quach thi quy	1	1
quach thi quy tho	1	1
quach thi quyen	1	2
quach thi quynh	1	1
quach thi quynh anh	1	2
quach thi quynh giao	1	1
quach thi quynh trang	1	1
quach thi sen	1	1
quach thi sieu lam	1	1
quach thi soi	1	1
quach thi tan	1	1
quach thi thai	1	2
quach thi thai hoa	1	1
quach thi tham	1	1
quach thi thanh	1	5
quach thi thanh binh	1	1
quach thi thanh hoa	1	1
quach thi thanh hong	1	2
quach thi thanh huyen	1	2
quach thi thanh lam	1	1
quach thi thanh ngan	1	1
quach thi thanh nhan	1	2
quach thi thanh tam	1	1
quach thi thanh thanh	1	1
quach thi thanh thuong	1	1
quach thi thanh thuy	1	2
quach thi thanh tien	1	1
quach thi thanh van	1	2
quach thi thanh vinh	1	1
quach thi thao	1	3
quach thi thao linh	1	1
quach thi thao ngoc	1	1
quach thi then	1	1
quach thi thien	1	1
quach thi thiet	1	3
quach thi thinh	1	1
quach thi tho	1	1
quach thi thoa	1	1
quach thi thom	1	2
quach thi thoy	1	1
quach thi thu	1	6
quach thi thu ba	1	1
quach thi thu ha	1	4
quach thi thu hang	1	2
quach thi thu hien	1	2
quach thi thu hieu	1	1
quach thi thu huong	1	3
quach thi thu huyen	1	3
quach thi thu kieu	1	1
quach thi thu nga	1	1
quach thi thu nguyet	1	1
quach thi thu phuong	1	1
quach thi thu thao	1	2
quach thi thu thuy	1	2
quach thi thu tra	1	1
quach thi thu trang	1	1
quach thi thu uyen	1	1
quach thi thu van	1	1
quach thi thuan	1	2
quach thi thuc	1	1
quach thi thuong	1	1
quach thi thuy	1	6
quach thi thuy dung	1	2
quach thi thuy linh	1	4
quach thi thuy ngan	1	1
quach thi thuy phuong	1	1
quach thi thuy trang	1	1
quach thi thuy trinh	1	1
quach thi tiep	1	1
quach thi tinh	1	2
quach thi tra giang	1	1
quach thi tra my	1	1
quach thi tran	1	1
quach thi trang	1	1
quach thi tu giang	1	1
quach thi tuan	1	1
quach thi tung linh	1	1
quach thi tuyen	1	1
quach thi tuyet	1	1
quach thi ut	1	1
quach thi van	1	2
quach thi van anh	1	2
quach thi vung	1	1
quach thi xuan mai	1	1
quach thi xuan mong	1	1
quach thi xuan thanh	1	1
quach thi xuan trang	1	1
quach thi xuan yen	1	1
quach thi yem	1	1
quach thi yen	1	3
quach thi yen phi	1	1
quach thien an	1	1
quach thien bao chau	1	1
quach thien duc	1	1
quach thien hien	1	1
quach thien nhi	1	1
quach thien phuc	1	1
quach thien phuoc	1	2
quach thien quang	1	1
quach thien tai	1	1
quach thien tram	1	1
quach thiep	1	1
quach thoai kim	1	1
quach thu ha	1	3
quach thu hang	1	2
quach thu hanh	1	1
quach thu hien	1	2
quach thu hue	1	1
quach thu huong	1	2
quach thu huyen	1	1
quach thu nguyet	1	1
quach thu phuong	1	5
quach thu thai	1	1
quach thu thuy	1	1
quach thu trang	1	3
quach thu uyen	1	2
quach thuan danh	1	1
quach thuan dong	1	3
quach thuan minh tri	1	1
quach thuc my	1	1
quach thuy chinh	1	1
quach thuy dung	1	2
quach thuy duong	1	1
quach thuy hien	1	1
quach thuy kieu	1	1
quach thuy kieu han	1	1
quach thuy linh	1	2
quach thuy man	1	1
quach thuy tien	1	1
quach thuy trang	1	2
quach thuy uyen nhi	1	1
quach tien chung	1	1
quach tien dat	1	1
quach tien dung	1	2
quach tien huan	1	1
quach tien hung	1	1
quach tien lap	1	1
quach tien quoc	1	1
quach tien sang	1	1
quach tieu binh	1	1
quach tieu linh	1	1
quach to hanh	1	1
quach to my	1	1
quach to nam	1	1
quach to ngan	1	1
quach to ngoc	1	1
quach to nhu	1	2
quach to quyen	1	1
quach to quynh	1	1
quach to thien tu	1	1
quach tong thu	1	1
quach tong vu huy	1	2
quach tra giang	1	1
quach tran duc anh	1	1
quach tran hai yen	1	1
quach tran mai anh	1	1
quach tran minh	1	1
quach tran phuong	1	1
quach tran thien kim	1	1
quach tran thuy vy	1	1
quach tran tran	1	1
quach trang anh	1	1
quach trang nhung	1	1
quach tri dung	1	2
quach tri tan	1	1
quach trien huy	1	1
quach trinh minh ha	1	1
quach trinh ngoc mai	1	1
quach trinh phuong thao	1	1
quach trinh van anh	1	1
quach trong chau	1	2
quach trong chuong	1	1
quach trong hai	1	1
quach trong hai anh	1	1
quach trong nghia	1	2
quach trong tin	1	1
quach trong tuan	1	2
quach trong tuong	1	1
quach trong tuyen	1	1
quach truc chi	1	2
quach trung duc	1	1
quach trung hieu	1	1
quach trung hoang	1	1
quach trung kien	1	2
quach trung nguyen	1	1
quach trung quan	1	1
quach trung quang	1	1
quach trung thanh	1	2
quach trung tien	1	1
quach trung tin	1	1
quach truong cuu	1	1
quach truong dai	1	1
quach truong giang	1	3
quach truong men	1	1
quach truong ngoc cham	1	1
quach truong son	1	1
quach truong vinh	1	1
quach tu hao	1	1
quach tu my	1	1
quach tu nhi	1	1
quach tu vi	1	1
quach tu vy	1	1
quach tuan anh	1	5
quach tuan dat	1	2
quach tuan dinh	1	1
quach tuan dung	1	2
quach tuan hieu	1	1
quach tuan khai	1	1
quach tuan kiet	1	2
quach tuan lu	1	1
quach tuan minh	1	1
quach tuan ngoc	1	1
quach tuan nguyen	1	1
quach tuan sang	1	1
quach tuan tai	1	1
quach tuan trung	1	1
quach tuan tu	1	1
quach tue man	1	1
quach tung	1	1
quach tung anh	1	1
quach tung lam	1	2
quach tung quang	1	1
quach tuong	1	1
quach tuong vy	1	1
quach tuyet mai	1	1
quach tuyet thu	1	1
quach uyen nghi	1	1
quach van an	1	1
quach van anh binh	1	1
quach van bi	1	1
quach van binh	1	1
quach van bon	1	1
quach van cao	1	1
quach van cap	1	1
quach van cat	1	1
quach van cau	1	1
quach van chi	1	1
quach van chien	1	1
quach van chieu	1	1
quach van chinh	1	1
quach van chuan	1	1
quach van chuong	1	1
quach van cong	1	2
quach van cuong	1	4
quach van dang	1	1
quach van dat	1	1
quach van diep	1	1
quach van dieu	1	1
quach van doanh	1	1
quach van dong	1	2
quach van duc	1	2
quach van dung	1	3
quach van duong	1	2
quach van duy	1	4
quach van ha	1	2
quach van hai	1	3
quach van han	1	1
quach van hanh	1	1
quach van hao	1	1
quach van hau	1	1
quach van hiem	1	1
quach van hien	1	3
quach van hieu	1	1
quach van hoa	1	3
quach van hoai	1	2
quach van hoan	1	1
quach van hoang	1	3
quach van hoi	1	2
quach van huan	1	1
quach van hui	1	1
quach van hung	1	3
quach van huy	1	3
quach van huynh	1	2
quach van khai	1	1
quach van khuyen	1	1
quach van kia	1	1
quach van kien	1	1
quach van lam	1	1
quach van le	1	1
quach van linh	1	1
quach van loc	1	1
quach van long	1	1
quach van luan	1	2
quach van luc	1	1
quach van luong	1	1
quach van manh	1	1
quach van minh	1	1
quach van my	1	1
quach van nam	1	4
quach van nhi	1	1
quach van nhuong	1	1
quach van oanh	1	1
quach van phat	1	1
quach van phu	1	1
quach van phuc	1	3
quach van phuong	1	1
quach van soi	1	1
quach van son	1	2
quach van sy	1	1
quach van tai	1	2
quach van tang	1	1
quach van thach	1	1
quach van thai	1	1
quach van thang	1	2
quach van thanh	1	4
quach van thao	1	2
quach van thi	1	3
quach van thien	1	2
quach van thien an	1	1
quach van thiep	1	1
quach van thinh	1	1
quach van tho	1	1
quach van thoai	1	2
quach van thoang	1	1
quach van thoi	1	1
quach van thong	1	1
quach van thu	1	1
quach van thuan	1	2
quach van thuc	1	1
quach van thuy	1	2
quach van tien	1	3
quach van tinh	1	1
quach van toi	1	1
quach van trang	1	1
quach van trung	1	2
quach van truong	1	1
quach van tu	1	2
quach van tuan	1	2
quach van tung	1	1
quach van tuong	1	1
quach van van	1	1
quach van viet	1	2
quach van von ut	1	1
quach van vu	1	1
quach van vuong	1	1
quach van xi	1	1
quach van xuan	1	1
quach vi khang	1	2
quach vi khiem	1	2
quach vi tuong	1	1
quach viet anh	1	3
quach viet cuong	1	1
quach viet dung	1	1
quach viet hau	1	1
quach viet hung	1	1
quach viet huy	1	1
quach viet luan	1	1
quach viet minh	1	1
quach viet phuong	1	1
quach viet tuan	1	1
quach viet tung	1	1
quach vinh toan	1	1
quach vinh tuong	1	1
quach vinh xuan	1	1
quach vo thu huyen	1	1
quach vu phuong uyen	1	1
quach vuong to tran	1	1
quach vy sum	1	1
quach xay lu	1	1
quach xieu coi	1	1
quach xuan bac	1	1
quach xuan dao	1	1
quach xuan hai	1	1
quach xuan hoang	1	1
quach xuan hung	1	1
quach xuan huy	1	1
quach xuan lan	1	1
quach xuan loc	1	1
quach xuan mai	1	1
quach xuan nguyen	1	1
quach xuan phong	1	1
quach xuan phuong	1	1
quach xuan thu	1	1
quach xuan thuy	1	1
quach xuan tinh	1	2
quach xuan trung	1	1
quach xuan truong	1	1
quach xuan vinh	1	1
quach yen anh	1	1
quach yen nhi	1	1
quahc minh hoang	1	1
quan a doan	1	1
quan anh chi	1	1
quan anh thu	1	1
quan anh tu	1	1
quan anh tuan	1	3
quan ba hai	1	1
quan ba linh	1	1
quan ba minh	1	1
quan ba phi	1	1
quan ba son	1	2
quan ba tam	1	1
quan banh	1	1
quan bao du	1	1
quan bao ngoc	1	1
quan bich phuong	1	1
quan bich van	1	1
quan binh minh	1	1
quan boi nghi	1	1
quan bui	1	1
quan bui hai	1	1
quan bui linh	1	1
quan chenh vu	1	1
quan chi kien	1	1
quan chi nam	1	1
quan chi thanh	1	2
quan cong tuyen	1	1
quan cong van	1	1
quan dac loc	1	1
quan dac tuan	1	1
quan dang khoa	1	1
quan diec	1	1
quan dinh	1	1
quan dinh chi	1	1
quan do	1	1
quan doan	1	1
quan duc anh	1	1
quan duc binh	1	1
quan duc dung	1	1
quan duc khai	1	1
quan duc lap	1	1
quan duc luong	1	1
quan duc minh	1	2
quan duc ngoc	1	1
quan duc thang	1	3
quan duc thinh	1	1
quan duc thuan	1	1
quan duc toan	1	1
quan duc trung	1	1
quan duong	1	2
quan duong canh	1	1
quan duy tien	1	1
quan gia co	1	1
quan gia kien	1	1
quan gia lam	1	1
quan gia lang	1	1
quan gia nhi	1	1
quan giang anh	1	1
quan ha	1	1
quan ha linh	1	1
quan hanh hoa	1	1
quan hanh linh	1	1
quan ho manh quan	1	2
quan hoai nam	1	1
quan hoang	1	1
quan hoang lien	1	1
quan hoang minh	1	1
quan hoang nam	1	1
quan hoang yen	1	1
quan hong lam	1	1
quan hong nguyen	1	1
quan hong ung	1	1
quan hue anh	1	1
quan hue man	1	1
quan huu hoang anh	1	1
quan huu kien	1	1
quan huu manh	1	1
quan huu ngoc luan	1	1
quan huu quan	1	1
quan huu vu	1	1
quan huy an	1	1
quan huyen trang	1	1
quan huynh	1	1
quan kha han	1	1
quan khac hoang le	1	1
quan khac thuong	1	1
quan khac vuong	1	1
quan khai phuong	1	1
quan khanh hung	1	1
quan kim hai dong	1	1
quan kinh tran	1	1
quan ky tuan anh	1	1
quan l	1	1
quan lac	1	1
quan lam anh	1	1
quan lang phia	1	1
quan le	1	1
quan le bich tram	1	1
quan le thanh ly	1	1
quan le van	1	1
quan lo duyen	1	1
quan loc dung	1	1
quan long thanh	1	1
quan luu	1	1
quan mai anh	1	1
quan mai linh	1	1
quan mai loan	1	1
quan man nhi	1	1
quan minh	1	1
quan minh hoang	1	1
quan minh son	1	1
quan minh trang	1	1
quan minh tuan	1	1
quan minh vuong	1	1
quan mr	1	1
quan my an	1	1
quan my dinh	1	1
quan nam truong	1	1
quan nghe	1	1
quan ngoc bang	1	1
quan ngoc cuong	1	1
quan ngoc ha	1	3
quan ngoc hoai	1	1
quan ngoc huong tran	1	1
quan ngoc khai	1	1
quan ngoc linh	1	2
quan ngoc nam	1	1
quan ngoc nhi	1	1
quan ngoc san	1	1
quan ngoc son	1	1
quan ngoc tan	1	1
quan ngoc thu	1	1
quan ngoc tran	1	1
quan ngoc trung	1	1
quan ngoc tuan	1	1
quan ngoc van	1	1
quan nguyen	1	2
quan nguyen anh quan	1	1
quan nguyen hong	1	3
quan nguyen ngoc ai linh	1	1
quan nguyen nhat	1	2
quan nguyen thao vy	1	1
quan nguyen viet anh	1	1
quan nguyen vinh loc	1	1
quan nha phuong	1	1
quan nhien long	1	1
quan nhu quynh	1	1
quan pham	1	1
quan pham hong	1	1
quan pham linh chi	1	1
quan phan	1	1
quan phi long	1	1
quan pho	1	1
quan phu vinh	1	1
quan phuc hung	1	1
quan phuong anh	1	2
quan phuong nhi	1	1
quan quang phuc	1	1
quan que an	1	1
quan quoc duc	1	1
quan son tung	1	1
quan tan dat	1	1
quan tan quyet	1	1
quan thai hong	1	1
quan thanh binh	1	1
quan thanh cong	1	1
quan thanh duy	1	1
quan thanh hai	1	1
quan thanh hung	1	1
quan thanh long	1	1
quan thanh mai	1	1
quan thanh phong	1	1
quan thanh quoc hung	1	1
quan thanh thao	1	2
quan thanh tien	1	1
quan thanh tinh	1	1
quan thanh truc	1	1
quan thanh trung	1	1
quan thanh tu	1	1
quan thanh tung	1	5
quan the an	1	1
quan the vuong	1	1
quan thi bao uyen	1	1
quan thi bich dieu	1	1
quan thi bich ngoc	1	1
quan thi binh	1	1
quan thi cam van	1	1
quan thi chuyen	1	1
quan thi diep	1	1
quan thi dung	1	1
quan thi gam	1	1
quan thi hang	1	1
quan thi hien	1	2
quan thi hien phuong	1	1
quan thi hoa nhi	1	1
quan thi hong	1	2
quan thi huong	1	2
quan thi huong giang	1	1
quan thi huong quynh	1	2
quan thi huyen	1	1
quan thi huyen trang	1	2
quan thi khanh linh	1	1
quan thi khanh quynh	1	1
quan thi lam khanh	1	1
quan thi lan	1	1
quan thi lan anh	1	2
quan thi lien	1	1
quan thi linh chi	1	1
quan thi loan	1	1
quan thi minh	1	1
quan thi minh nguyet	1	2
quan thi my ha	1	1
quan thi my hang	1	1
quan thi my linh	1	1
quan thi my nguyet	1	1
quan thi nga	1	1
quan thi ngan ha	1	1
quan thi ngoc	1	1
quan thi ngoc anh	1	1
quan thi ngoc duong	1	1
quan thi ngoc tu	1	1
quan thi nguyet minh	1	1
quan thi nhu y	1	1
quan thi nhung	1	2
quan thi phong	1	1
quan thi phuong	1	1
quan thi phuong anh	1	2
quan thi phuong huyen	1	1
quan thi phuong thao	1	1
quan thi quynh	1	1
quan thi su	1	1
quan thi thanh hoa	1	1
quan thi thanh huong	1	1
quan thi thanh mai	1	1
quan thi thanh phuong	1	1
quan thi thanh thao	1	1
quan thi thao	1	1
quan thi thu dung	1	1
quan thi thu ha	1	1
quan thi thu phuong	1	1
quan thi thu thao	1	1
quan thi thu trang	1	1
quan thi thuong	1	1
quan thi thuy	1	1
quan thi thuy ha	1	1
quan thi thuy linh	1	2
quan thi thuy tien	1	1
quan thi tiem	1	1
quan thi tra	1	1
quan thi trang	1	2
quan thi tu	1	1
quan thi tuyet mai	1	1
quan thi van	1	1
quan thi van anh	1	1
quan thi viet anh	1	1
quan thi xuan quynh	1	2
quan thien tu	1	1
quan thu hien	1	1
quan thu huyen	1	1
quan thu phuong	1	1
quan thu thao	1	3
quan thuc hanh	1	1
quan thuc huyen	1	1
quan thuy dung	1	2
quan thuy duong	1	2
quan thuy trang	1	1
quan tra my	1	1
quan trach lai hy	1	3
quan tran	1	2
quan tran hong	1	3
quan tran hong le	1	1
quan tran hong ngoc	1	1
quan tran lam ngoc	1	1
quan tran le hai	1	2
quan tran vu	1	1
quan tri dung	1	1
quan tri thanh	1	1
quan trieu anh	1	1
quan trong cuong	1	1
quan trong gia minh	1	1
quan trong hai	1	1
quan trong hiep	1	1
quan trong hung	1	2
quan trong khang	1	1
quan trong nam	1	1
quan trong nghia	1	1
quan trong thai	1	1
quan trong thuc	1	1
quan trong tu	1	1
quan trong tung	1	1
quan trong vuong	1	1
quan truc luong	1	1
quan trung duc	1	1
quan trung tai	1	1
quan truong chi	1	1
quan tu toan	1	1
quan tuan anh	1	2
quan tung lam	1	1
quan tuong ky	1	1
quan tuong vi	1	1
quan uyen trinh	1	1
quan van anh	1	3
quan van be	1	1
quan van cong	1	1
quan van cuong	1	1
quan van dien	1	1
quan van doan	1	1
quan van du	1	1
quan van dung	1	1
quan van duy	1	1
quan van hai	1	2
quan van hieu	1	1
quan van ho	1	1
quan van hung	1	1
quan van khai	1	1
quan van khoa	1	1
quan van loi	1	1
quan van long	1	1
quan van luong	1	1
quan van mai thinh	1	1
quan van na	1	1
quan van nam	1	2
quan van nhi	1	1
quan van phong	1	2
quan van quan	1	1
quan van quyen	1	1
quan van son	1	2
quan van thao	1	2
quan van tho	1	1
quan van thuong	1	1
quan van thuyen	1	1
quan van tien	1	1
quan van trung	1	1
quan van truong	1	1
quan van tuan	1	2
quan van tuoi	1	1
quan van vung	1	1
quan vi co	1	1
quan vi dan	1	1
quan vi hoai vu	1	2
quan vi hong	1	1
quan vi nhat sang	1	1
quan vi thai bao	1	1
quan vi toan	1	1
quan vien hue nhan	1	1
quan viet anh	1	1
quan viet duc	1	1
quan viet dung	1	1
quan viet tuan	1	1
quan vinh hoa	1	1
quan vinh huy	1	1
quan vinh tinh	1	1
quan vo	1	1
quan vu hong	1	2
quan xuan hieu	1	1
quan xuan khai	1	1
quan xuan tung	1	1
quang	1	1
quang anh dung	1	1
quang anh nam	1	1
quang anh phan	1	1
quang anh truong	1	1
quang anh tuan	1	1
quang bao tran	1	1
quang bich hue	1	1
quang bich ngoc	1	1
quang binh	1	1
quang binh duong	1	2
quang bui	1	1
quang buu dinh	1	1
quang buu t	1	1
quang chi kiet	1	1
quang chien lam	1	1
quang chinh dat	1	1
quang chuong	1	1
quang cong duy khanh	1	1
quang cong thuy vy	1	1
quang cong tuan	1	1
quang dac hien	1	1
quang dai hai	1	1
quang dai hoa	1	1
quang dai le hong phuc	1	1
quang dai trung hieu	1	1
quang dao	1	1
quang dich	1	1
quang diem y	1	1
quang dieu hung	1	1
quang dieu linh	1	1
quang dieu mai linh	1	2
quang dinh khai	1	1
quang duc anh	1	1
quang duc giang	1	1
quang duc ha	1	1
quang duc hai	1	1
quang duc hieu	1	1
quang duc hung	1	1
quang duc thinh	1	1
quang duc tuan	1	1
quang duy dao	1	1
quang duy dat	1	2
quang duy hai	1	1
quang gia hue	1	1
quang ha minh	1	1
quang han han	1	1
quang hang	1	1
quang hien truong	1	1
quang hieu vu	1	1
quang hoa	1	1
quang hoang khanh phuong	1	2
quang hoang ngoc	1	2
quang hong phong	1	1
quang hong thuong	1	1
quang hong truong	1	1
quang huy	1	2
quang huy hoang	1	1
quang hy hien	1	1
quang khac	1	1
quang khanh	1	2
quang khanh hung	1	1
quang kieu phuong anh	1	1
quang kim ngan	1	2
quang le	1	2
quang le chau	1	1
quang le chi	1	1
quang le dinh	1	1
quang le hong	1	1
quang le kim ngan	1	1
quang le van	1	2
quang linh	1	1
quang loc	1	1
quang luong	1	1
quang luu duc	1	1
quang mai	1	1
quang mai duy	1	1
quang manh hung	1	1
quang manh khai	1	1
quang manh son	1	1
quang mau bach	1	1
quang mau trieu	1	1
quang minh	1	1
quang minh diep	1	1
quang minh duc	1	1
quang minh tan dat	1	1
quang minh than	1	1
quang minh thong	1	1
quang minh tin	1	1
quang minh tuyen	1	1
quang my hoa	1	1
quang my quynh	1	1
quang nghiem	1	1
quang ngoc anh	1	2
quang ngoc bao han	1	1
quang ngoc duong	1	1
quang ngoc duyen	1	1
quang ngoc hieu	1	1
quang ngoc loi	1	1
quang ngoc my linh	1	1
quang ngoc tham	1	1
quang ngoc thuy vy	1	1
quang ngu	1	1
quang nguyen	1	1
quang nguyen bao van	1	1
quang nguyen dang	1	1
quang nguyen huu	1	1
quang nguyen tien	1	1
quang nhat nam thai	1	1
quang nhu xuan	1	1
quang nhut	1	1
quang nong	1	1
quang nu kim ngan	1	2
quang nu quynh nhu	1	1
quang pham	1	1
quang phan van	1	1
quang phi hung	1	1
quang phi lan	1	1
quang phu vinh	1	1
quang phuong dong	1	1
quang phuong gia han	1	1
quang quan	1	1
quang quang	1	1
quang quoc anh	1	1
quang quynh nhi	1	1
quang sang sang	1	1
quang so van	1	1
quang sung hung	1	1
quang ta	1	1
quang tan dai	1	1
quang tan loc	1	1
quang tat	1	1
quang thai	1	1
quang thai an	1	1
quang thanh	1	2
quang thanh dat	1	1
quang thanh huyen	1	1
quang thanh loc	1	1
quang thanh nha	1	1
quang thanh phap	1	1
quang thanh tri	1	1
quang thi an	1	1
quang thi bich ngoc	1	1
quang thi binh	1	1
quang thi buoi	1	1
quang thi chau hao	1	2
quang thi chinh	1	1
quang thi chuong	1	1
quang thi diep	1	1
quang thi din	1	1
quang thi dung	1	2
quang thi duyen	1	2
quang thi giang	1	1
quang thi ha	1	1
quang thi hang	1	1
quang thi hang phuong	1	1
quang thi hanh	1	1
quang thi hau	1	2
quang thi hien	1	1
quang thi hieu	1	1
quang thi hoa	1	3
quang thi hoai thuong	1	1
quang thi hoi	1	1
quang thi hong chi	1	1
quang thi hong xuan	1	1
quang thi huong giang	1	1
quang thi huyen my	1	1
quang thi huyen trang	1	2
quang thi huynh hoa	1	1
quang thi khue	1	1
quang thi kim	1	2
quang thi kim tuyen	1	1
quang thi lan	1	2
quang thi lan anh	1	1
quang thi loan	1	1
quang thi luu luyen	1	2
quang thi mai	1	1
quang thi may	1	1
quang thi men	1	1
quang thi minh nguyet	1	2
quang thi moi	1	1
quang thi my huyen	1	1
quang thi my huynh	1	1
quang thi my trinh	1	1
quang thi nam	1	1
quang thi nghi	1	1
quang thi ngoan	1	1
quang thi ngoc chau	1	1
quang thi ngoc han	1	1
quang thi ngoc lan	1	1
quang thi nhan	1	1
quang thi nhat binh	1	1
quang thi nhu ngoc	1	2
quang thi nhung	1	1
quang thi phuong	1	1
quang thi phuong nga	1	1
quang thi phuong nhung	1	1
quang thi phuong trinh	1	1
quang thi quynh	1	2
quang thi sinh	1	1
quang thi tam	1	1
quang thi thai	1	1
quang thi tham	1	2
quang thi thanh ha	1	1
quang thi thanh hien	1	1
quang thi thoa	1	1
quang thi thom	1	2
quang thi thu ha	1	2
quang thi thu trang	1	3
quang thi thuy hong	1	1
quang thi thuy ly	1	1
quang thi thuy trang	1	1
quang thi tich	1	1
quang thi trang	1	3
quang thi truc quyen	1	1
quang thi tuoi	1	1
quang thi uan	1	1
quang thi ut nga	1	1
quang thi uyn	1	1
quang thi van nhung	1	1
quang thu hoa	1	1
quang thu thao	1	1
quang thuan han	1	1
quang thuan kim anh	1	1
quang thuy kieu	1	1
quang thuy uy	1	1
quang tien	1	1
quang tien dat	1	1
quang tien phuc	1	1
quang to	1	1
quang toai ton	1	1
quang tran	1	1
quang tran dai	1	1
quang tran my duyen	1	2
quang trieu vi	1	1
quang trinh	1	1
quang trong hieu	1	1
quang trong tung	1	1
quang trung duc	1	1
quang trung hieu	1	1
quang trung loc	1	1
quang truong nie	1	1
quang tu thiem	1	1
quang tuan anh	1	1
quang tuan cuong	1	1
quang tuan vu	1	1
quang van binh	1	1
quang van cam	1	1
quang van cuong	1	3
quang van dang	1	1
quang van dat	1	2
quang van dien	1	1
quang van diep	1	1
quang van dong	1	1
quang van dung	1	2
quang van ha	1	2
quang van hac	1	1
quang van hoang	1	3
quang van hop	1	1
quang van hung	1	1
quang van inh	1	1
quang van khai	1	2
quang van khanh	1	1
quang van khanh bang	1	1
quang van may	1	1
quang van minh	1	1
quang van muon	1	1
quang van my	1	1
quang van nghiep	1	1
quang van oai	1	1
quang van quyen	1	1
quang van son	1	1
quang van thang	1	1
quang van thanh	1	2
quang van thao	1	1
quang van thinh	1	2
quang van toan	1	1
quang van tom	1	1
quang van truong	1	1
quang van tuan	1	2
quang van tuyen	1	2
quang van viet	1	1
quang viet hoang	1	1
quang vinh cuong	1	1
quang vo	1	1
quang vo quy	1	1
quang vu	1	1
quanh hoang	1	1
quanh nguyen	1	1
quat duy cuong	1	1
quat le dinh	1	1
quat ngoc tuyet	1	1
quat nguyen	1	1
quay	1	1
quay chenh	1	1
quay gieng	1	1
que diep	1	1
que duc anh	1	1
que duc tien	1	1
que manh hung	1	1
que minh hai	1	1
que minh luu	1	1
que ngoc mai	1	1
que nguyen truong khang	1	1
que thanh dallara	1	2
que thi binh minh	1	1
que thi hang	1	1
que thi thuy	1	1
que xuan hieu	1	1
queena hoang	1	1
quen em	1	1
qui dang	1	1
qui dat	1	1
qui dinh chi tam	1	1
qui dinh minh thu	1	1
qui ha	1	1
qui hang	1	1
qui ho	1	1
qui hoang	1	1
qui le	1	1
qui long	1	1
qui nhon	1	1
qui pham	1	1
qui phiet tran	1	1
qui to	1	1
qui tran	1	1
qui trieu	1	1
qui trung	1	1
qui vo	1	1
quoc ai	1	1
quoc an nguyen	1	1
quoc anh le	1	1
quoc anh ngo	1	1
quoc anh truong	1	1
quoc buu	1	1
quoc cao	1	1
quoc cuong	1	1
quoc cuong nguyen	1	1
quoc dinh khanh	1	2
quoc dinh nguyen	1	1
quoc doan	1	1
quoc dung doan	1	1
quoc giap	1	1
quoc ho	1	1
quoc hung	1	1
quoc hung pham	1	1
quoc hung to	1	1
quoc hung truong	1	1
quoc khai	1	1
quoc khanh vuong	1	1
quoc ky duyen	1	1
quoc le	1	1
quoc le minh	1	1
quoc le the	1	1
quoc le viet	1	1
quoc leminh	1	1
quoc linh lu	1	1
quoc long dang	1	1
quoc luutran	1	1
quoc nam	1	1
quoc nam tran	1	1
quoc ngo	1	1
quoc ngoc anh	1	1
quoc nguyen	1	1
quoc oai bui	1	1
quoc oai lam	1	1
quoc pham	1	1
quoc pham minh	1	1
quoc phap	1	1
quoc sinh	1	3
quoc thanh nguyen	1	1
quoc tran	1	1
quoc trung	1	1
quoc tuan luong	1	1
quoc tuan ngo	1	1
quoc tuan tran	1	1
quoc tuong lukas dong	1	1
quoc van hung	1	1
quoc viet	1	1
quoc viet nguyen	1	1
quoc vinh le	1	2
quoc vo	1	1
quoc vu pham	1	1
quoi huynh	1	1
quoi nguyen	1	1
quoi thai	1	1
quoi vo	1	1
quy	1	1
quy au	1	1
quy cao van	1	1
quy dinh	1	1
quy duong	1	1
quy gieng	1	1
quy hai vu	1	1
quy huy	1	1
quy huynh	1	1
quy le	1	1
quy luong	1	1
quy mai duc	1	1
quy muoi pham	1	1
quy ngo	1	1
quy ngo zoey	1	1
quy nguyen	1	1
quy nguyen ngoc	1	1
quy null	1	1
quy pham	1	1
quy phan	1	2
quy phan van	1	1
quy phan xuan	1	1
quy quach	1	1
quy thanh phan bui	1	1
quy tin dung	1	1
quy tran	1	1
quy trieu	1	1
quy trung	1	1
quy vu	1	1
quy vu duc	1	1
quyen	1	2
quyen anh dung	1	1
quyen banh	1	1
quyen bui	1	1
quyen cao thi luong	1	1
quyen dai nghia	1	1
quyen dang duy	1	1
quyen dinh cuong	1	1
quyen dinh hieu	1	1
quyen dinh quyet	1	1
quyen dinh thang	1	2
quyen dinh thao	1	1
quyen dinh thiem	1	1
quyen do thi	1	1
quyen doan	1	1
quyen duc cong	1	1
quyen duc quyen	1	1
quyen duy phong	1	1
quyen hai long	1	1
quyen hai van	1	1
quyen hang hanh	1	1
quyen ho thich dao quang	1	1
quyen hoai an	1	1
quyen hoang	1	1
quyen hong	1	1
quyen huynh	1	1
quyen khuat	1	1
quyen le	1	1
quyen le tran wing	1	1
quyen linh chi	1	1
quyen lu	1	1
quyen luu	1	1
quyen ly	1	1
quyen mai	1	1
quyen manh tuan	1	1
quyen minh thao	1	1
quyen n	1	1
quyen ngo	1	1
quyen ngoc anh	1	1
quyen ngoc tram	1	1
quyen nguyen kien	1	1
quyen nguyen van	1	1
quyen nha	1	1
quyen pham	1	1
quyen pham ky thai	1	1
quyen phan	1	1
quyen phan tu	1	1
quyen phuong anh	1	1
quyen quang huy	1	1
quyen quang minh	1	1
quyen quyen	1	1
quyen t	1	1
quyen thai	1	1
quyen thao	1	1
quyen the anh	1	1
quyen thi anh	1	1
quyen thi khanh	1	1
quyen thi lien huong	1	1
quyen thi nga	1	1
quyen thi ngoc anh	1	2
quyen thi quynh mai	1	1
quyen thi thanh	1	1
quyen thi thu	1	1
quyen thi thu ha	1	1
quyen thi thu thao	1	1
quyen thi thu trang	1	1
quyen thi thuy linh	1	1
quyen thi thuy trang	1	1
quyen thuc nguyen	1	1
quyen ton	1	1
quyen tran	1	1
quyen trieu	1	1
quyen truong	1	1
quyen truong giang	1	1
quyen van vinh	1	1
quyen viet dang	1	1
quyen vo	1	1
quyen vu	1	1
quyet bui sy	1	1
quyet dang	1	1
quyet dang van	1	1
quyet dao van	1	1
quyet do	1	1
quyet doan	1	1
quyet duc nam	1	1
quyet ha minh	1	1
quyet huong nguyen	1	1
quyet huynh	1	1
quyet khac le	1	1
quyet le	1	1
quyet nguyen	1	1
quyet nguyen doan	1	1
quyet nguyen manh	1	1
quyet nguyen minh	1	1
quyet nguyen thanh	1	2
quyet nguyen tien	1	1
quyet nguyen van	1	1
quyet phan	1	1
quyet phan thanh	1	1
quyet thi thanh thuy	1	1
quyet thi thuy linh	1	1
quyet thu hue	1	1
quyet tien hung	1	1
quyet tran	1	1
quyet tran quang	1	1
quyet tran thanh	1	1
quyet truong	1	1
quyet vo chi	1	1
quyet vu	1	1
quyet xuan	1	1
quynh	1	1
quynh anh	1	1
quynh anh tran	1	1
quynh anh truong	1	1
quynh anh truong sophie	1	1
quynh bui	1	1
quynh bui nhu	1	1
quynh cao	1	1
quynh dang	1	1
quynh dinh	1	1
quynh do	1	1
quynh doan	1	1
quynh duong	1	1
quynh giao	1	1
quynh giao steiner	1	1
quynh ho	1	1
quynh hoa ngo	1	1
quynh huong vu	1	1
quynh kha luong	1	1
quynh kieu	1	1
quynh kpor	1	1
quynh le	1	1
quynh mai	1	1
quynh mai le	1	1
quynh nghi vo	1	1
quynh nghiem	1	2
quynh ngo	1	2
quynh nguyen	1	1
quynh nguyen ba	1	1
quynh nguyen van	1	1
quynh nuyen	1	1
quynh pham	1	1
quynh phung	1	1
quynh quanh irene	1	1
quynh thi ngoc anh	1	1
quynh thi thu	1	1
quynh ton	1	1
quynh tran	1	1
quynh trieu	1	1
quynh vo	1	1
quynh vu	1	1
quynh vuong	1	2
quynh xuan tuan anh	1	1
quys ninh	1	1
quyt	1	1
