jack huynh	1	1
jack tran	1	1
jacky tran	1	1
jade nhi carsol	1	1
james nhac	1	1
jan nah nguyen dong nghi	1	1
jane truong	1	1
janet nguyen	1	1
janice phung	1	1
jared vuu	1	1
jason nung	1	1
jason thai	1	1
javier nguyen thanh uyen	1	1
jayden ngac	1	1
jean laurent nguyen khac	1	1
jeannie huynh	1	1
jeff hoang	1	1
jenee thanh truong	1	2
jenkins dinh giang	1	1
jenna huynh	1	1
jenna nguyen nhuan	1	1
jennie huynh	1	1
jennie vo	1	1
jennifer kim nguyen	1	1
jennifer na	1	1
jennifer vo	1	1
jenny hoang	1	1
jenny nguy	1	1
jenny phung	1	1
jenny tieu	1	1
jerry phan	1	1
jo rlong nai huyen	1	1
jo rlong phong	1	1
jocelyn tran	1	1
joe phan	1	1
johan doan nhuong	1	1
john hoang	1	1
john manh	1	1
john muoi van nguyen	1	1
john ngac nguyen	1	1
john nghiem	1	1
john srey pov	1	1
john vu	1	1
johnny khuc	1	1
johnny tri dung	1	1
johnson quach	1	1
jolie tuoi	1	1
jonathan huynh	1	1
jonathan long tran	1	1
jonathan nguyen duy	1	1
jonathan trinh	1	1
jonung sang nai nga	1	1
jor long nai nhu	1	1
jor long nai nhuy	1	1
jor long nai them	1	1
joshua nham	1	1
judy dung	1	1
jul kifly	1	1
julie huynh	1	1
jun hai dung uong	1	1
