r com triet	1	1
r jo thum	1	1
r lan jony	1	1
r mah phien	1	1
r o h bik	1	1
r o h duong	1	1
r o h kai	1	1
r o h noat	1	1
r o h pia	1	1
r o h tai	1	1
r o roa	1	1
r o so nu	1	1
r ong k hoa	1	1
ra hang thi tho	1	1
ra lan nguyen kim ngan	1	1
ra mas sa my tin	1	1
ra phin	1	1
ra zy	1	1
rachel duyen do	1	1
rachel thoai nguyen	1	1
rah lan bilin	1	1
rah lan gia thi	1	1
rah lan h drim	1	1
rah lan h pyut	1	1
rah lan h quynh	1	1
rah lan h thai uyen	1	1
rah lan jim	1	1
rah lan m tran	1	1
rah lan minh	1	1
rah lan nam	1	1
rah lan phi	1	1
rah lan sani	1	1
rah lan teo	1	1
rah lan thien	1	1
rah lan tie	1	1
rah lan viet	1	1
rah lan wit tri na	1	1
rahlan chien	1	1
rahlan h liem	1	1
rahlan huynh co	1	1
rahlan quen	1	1
ralan baih	1	1
ralan h lien	1	1
ran thi tam	1	1
rang lac	1	1
rang ngo	1	1
ranh pham thi	1	1
rapat thi nhon	1	1
raquel quynh luong	1	1
raymond nguy	1	1
rcam h bao	1	1
rcam h ung	1	1
rcam y lir	1	1
rcham h oan	1	1
rcom h dao	1	1
rcom h huong	1	1
rcom h kao	1	1
rcom h mi	1	1
rcom h thuy	1	1
rcom hieu	1	1
rcom iem	1	1
rcom lan	1	1
rcom lanh	1	1
rcom luong	1	1
rcom sa duyen	1	1
rcom troa	1	1
rcom trung hieu	1	1
rcom y phi hung	1	1
rec thu thao	1	1
ren man thuy phuong	1	1
renaud le van kim	1	1
reyes duong phuong thao	1	3
ri le	1	1
ri my quyen	1	1
ri na	1	1
ri o nhan	1	1
ri ta viec	1	1
riah noi	1	1
rich tran	1	1
richard hiep	1	1
richard hoang quan	1	1
richard nguyen dien	1	1
richard pham	1	1
richard tran	1	1
richard truong minh chieu	1	1
ricky huynh	1	1
riem minh	1	1
rieng thach	1	1
rieu thi men	1	1
rim nguyen	1	1
rin cancer	1	1
rin ivy	1	1
rin luu van	1	1
rin nguyen	1	1
rin pham	1	1
rin rium	1	1
rin su	1	1
rin vo	1	1
rin vo cong	1	1
rinh le	1	1
rinh thao	1	1
riola kathy linh	1	1
rmah den	1	1
rmah din	1	1
rmah doi	1	1
rmah h hoa	1	1
rmah h robeka	1	1
rmah hanh	1	1
rmah hech	1	1
rmah seo	1	1
rmah tho	1	1
ro cham beng	1	1
ro cham blun	1	1
ro cham duy	1	1
ro cham guong	1	1
ro cham h lieng	1	1
ro cham h lunh	1	1
ro cham h luoc	1	1
ro cham h ly	1	1
ro cham h tho	1	1
ro cham h tren	1	1
ro cham hau	1	1
ro cham ho luong	1	1
ro cham hoa	1	1
ro cham huan	1	1
ro cham kim	1	1
ro cham my uyen	1	1
ro cham nhen	1	1
ro cham ot	1	1
ro cham phao	1	1
ro cham phyung	1	1
ro cham sunh	1	1
ro cham thien	1	1
ro cham thoa	1	1
ro cham thu	1	1
ro cham thuy	1	1
ro cham thuy van	1	1
ro cham win	1	1
ro cham y bach	1	1
ro cham y lam	1	1
ro da nai loan	1	1
ro da quang	1	1
ro da trong	1	1
ro gle josia	1	1
ro h nhu	1	1
ro ha ly	1	1
ro ha ngan	1	1
ro hi mah	1	1
ro k ros	1	1
ro kien	1	1
ro lan a nhi	1	1
ro lan h phat	1	1
ro lan h quet	1	1
ro lan h thuyen	1	1
ro lan hyum	1	1
ro lan le lan anh	1	1
ro lan song	1	1
ro le vi na	1	1
ro lick ha li fi	1	1
ro lick haliya	1	1
ro luk h ram	1	1
ro mah buu	1	1
ro mah cham h nien	1	1
ro mah choch	1	1
ro mah h de	1	1
ro mah h rit	1	1
ro mah hung	1	1
ro mah ly giang	1	1
ro mah nguyen van thao	1	1
ro mah song	1	1
ro mah the	1	1
ro mah thuong	1	1
ro mah trang	1	1
ro man dung	1	1
ro nai ma woen	1	1
ro nang k hai	1	1
ro ngan	1	1
ro o h loanh	1	1
ro o h reo	1	1
ro o h trang	1	1
ro o lanh	1	1
ro o pom	1	1
ro o tuong	1	1
ro o xuan	1	1
ro o y vu	1	1
ro ong giu de	1	1
ro ong ha doanh	1	1
ro ong ha khuyen	1	1
ro ong ha phuc	1	1
ro ong ha thin	1	1
ro ong k bien	1	1
ro ong k dien	1	1
ro ong k doh	1	1
ro ong k dong	1	1
ro ong k luyen	1	1
ro ong k nang	1	1
ro ong k nguyet	1	1
ro ong k rice	1	1
ro ong k rong	1	1
ro ong k sam	1	1
ro ong k thi	1	1
ro ong k thinh	1	1
ro ong no tri	1	1
ro ong se doan	1	1
ro sa chri	1	1
ro thi dah	1	1
ro to	1	1
ro yam h bet	1	1
ro zam ngo	1	1
roan duc quy	1	1
roan ha giang	1	1
roan khoi nguyen	1	1
roan quynh mai	1	1
roan thai trung	1	1
roan thi nhan	1	1
roan thi phuong thao	1	1
roan thu huyen	1	1
roan van dinh	1	1
roan van long	1	1
roan van nghi	1	1
roan van nghia	1	1
roan van tinh	1	1
roan van toan	1	1
roan van tuan	1	1
roan van tuc	1	1
robert nguyen	1	1
rocham h an	1	1
roha my	1	1
roi ranh	1	1
roi shuhami	1	1
rolan aric	1	1
rolan h luyen	1	1
romah che	1	1
romah sao	1	1
ronan nguyen thuyet	1	1
rong thi linh	1	1
ronik y kuen	1	1
ronik yan khuyen	1	1
rosemary khuong	1	1
rot nguyen	1	1
ruben ayun nie	1	1
ruby pham	1	1
ruby phuong trat thai bach	1	1
rufino aybar carmona	1	1
rung nguyen van	1	1
ry minh	1	1
ryan ban tran	1	1
ryan ly	1	1
ryan nguy	1	1
ryan truong	1	1
