ga dieu tri	1	1
gai lanh	1	1
gam cao	1	1
gam dao	1	1
gam ho	1	1
gam ngo	1	1
gam tran	1	1
genie giao nguyen	1	1
ghe long my huyen	1	1
ghislaine phan van thiet	1	1
gia anh	1	1
gia ba phia	1	1
gia bao hoang	1	1
gia buu frances ly	1	1
gia cop	1	1
gia gioi	1	1
gia hoang anh	1	1
gia huong ly	1	1
gia huu vu	1	1
gia huy	1	1
gia huy tran	1	1
gia khanh pham	1	1
gia khoai	1	1
gia ky anh	1	1
gia linh	1	2
gia ly	1	1
gia man ha	1	1
gia minh phong	1	1
gia my tran	1	1
gia ngo	1	1
gia nguyen	1	1
gia nguyen gia bao	1	1
gia phu lu	1	1
gia tan nam	1	1
gia thanh phia	1	1
gia thi diem thuy	1	1
gia thi ha my	1	1
gia thi hong	1	1
gia thi huyen	1	1
gia thi kim anh	1	1
gia thi nguyen	1	1
gia thi quynh ly	1	1
gia thi thao chau	1	1
gia thi thom	1	1
gia thi thu ha	1	1
gia thi thuyen	1	1
gia thi thuyet	1	1
gia thi trang	1	1
gia thuoc	1	1
gia thuy anh	1	1
gia tran ngoc linh	1	1
gia trung hai	1	1
gia truong	1	2
gia van kien	1	1
gia van thanh	1	1
gia xuong luu	1	1
gia y mai	1	1
giac lam	1	1
giac pham	1	1
giac vo	1	1
giac vu	1	1
giai hong	1	1
giai kham	1	1
giai phan	1	1
giai tat	1	1
giai tri	1	1
giai truong dinh	1	1
giai viem tran	1	1
giai yen	1	1
giam doc	1	1
giam doc o tao	1	1
gian dinh nam	1	1
gian dinh tai	1	1
gian hai anh	1	1
gian hai my	1	2
gian hai nam	1	1
gian hai thong	1	1
gian my hanh	1	1
gian phan van	1	1
gian phuong an	1	1
gian quang nhat	1	1
gian thanh thien	1	1
gian thi dieu thu	1	1
gian thi hang	1	1
gian thi le na	1	1
gian thi nhat linh	1	1
gian thi thanh huyen	1	1
gian thi thanh phuong	1	1
gian thi thanh tu	1	1
gian thi thom	1	1
gian thi thu huong	1	1
gian thi thuong	1	1
gian thi thuy	1	2
gian thi toan	1	1
gian truong giang	1	1
gian truong phi	1	1
gian tu dung	1	1
gian tu hoang	1	1
gian tu quang	1	1
gian tu tinh	1	1
gian tu tri	1	1
gian van hong	1	1
gian viet anh	1	2
gian viet tho	1	1
giang	1	2
giang a binh	1	2
giang a can	1	1
giang a cang	1	2
giang a cau	1	1
giang a chang	1	1
giang a chenh	1	1
giang a chinh	1	2
giang a cho	1	3
giang a chu	1	2
giang a chua	1	2
giang a chung	1	1
giang a co	1	1
giang a cong	1	2
giang a cua	1	1
giang a dau	1	1
giang a di	1	1
giang a dinh	1	1
giang a do	1	1
giang a duc	1	1
giang a hang	1	1
giang a hieu	1	1
giang a ho	1	2
giang a hong	1	1
giang a lai	1	1
giang a lau	1	1
giang a le	1	1
giang a lu	1	2
giang a lung	1	1
giang a ly	1	1
giang a mang	1	2
giang a minh	1	2
giang a nenh	1	1
giang a nhe	1	1
giang a nhia	1	1
giang a phang	1	1
giang a phinh	1	1
giang a phong	1	2
giang a phu	1	1
giang a pin	1	1
giang a po	1	1
giang a quang	1	1
giang a sao	1	1
giang a sau	1	1
giang a senh	1	1
giang a si	1	1
giang a sia	1	1
giang a son	1	1
giang a tang	1	1
giang a thang	1	1
giang a thanh	1	1
giang a thao	1	1
giang a thong	1	1
giang a thu	1	1
giang a tinh	1	2
giang a trinh	1	1
giang a tu	1	1
giang a tuan	1	2
giang a tung	1	1
giang a va	1	1
giang a vang	1	1
giang a vien	1	1
giang a xe	1	1
giang anh duc	1	3
giang anh dung	1	2
giang anh duong	1	1
giang anh duy	1	1
giang anh hoang	1	1
giang anh khoa	1	1
giang anh luan	1	1
giang anh thi	1	1
giang anh tuan	1	2
giang bach linh	1	1
giang bao nhi	1	1
giang bich ngoc	1	2
giang bui	1	1
giang cam chanh	1	1
giang cam long	1	1
giang cam tu	1	1
giang chan hao	1	1
giang chau vo	1	1
giang chi phuc	1	1
giang chi quyet	1	2
giang chi tai	1	1
giang chi thien	1	1
giang chi tuong	1	1
giang claire dang hoai	1	1
giang cong cuong	1	1
giang cong danh	1	1
giang cong nguyen	1	1
giang cong phi	1	1
giang cong tai	1	1
giang dai hoa	1	1
giang dai ngoc	1	1
giang dai phat	1	1
giang dang	1	1
giang dang anh phuong	1	1
giang dat oai	1	1
giang dieu cuong	1	1
giang dinh phuong quyen	1	1
giang dinh tien khanh	1	1
giang do	1	1
giang doan	1	1
giang duc anh	1	1
giang duc duy	1	1
giang duc hai	1	2
giang duc huy	1	3
giang duc long	1	1
giang duc manh	1	4
giang duc pho	1	1
giang duc thang	1	1
giang gia bao	1	2
giang gia hung	1	1
giang gia huy	1	2
giang gia loc	1	1
giang gia luan	1	1
giang gia san	1	1
giang gia thien	1	1
giang gia vy	1	1
giang giang	1	1
giang ha anh	1	1
giang ha my	1	1
giang ha tran	1	1
giang hai anh	1	1
giang hai chau	1	2
giang hai dang	1	1
giang hai kim tuyen	1	1
giang hai minh	1	1
giang hai nam	1	2
giang hai yen	1	1
giang hao cam	1	1
giang hien phong	1	1
giang hieu ly	1	1
giang hieu thao	1	1
giang ho	1	1
giang hoang	1	2
giang hoang anh	1	2
giang hoang hiep	1	1
giang hoang le khanh	1	1
giang hoang phuong uyen	1	1
giang hoang thai	1	1
giang hoang yen	1	1
giang hong anh	1	1
giang hong bac	1	1
giang hong ha	1	1
giang hong hanh	1	1
giang hong quan	1	1
giang hong son	1	1
giang hong thang	1	1
giang hong van	1	1
giang hue binh	1	1
giang hue chi	1	1
giang hue phuong	1	1
giang hung manh	1	1
giang huong	1	1
giang huong do	1	1
giang huu	1	1
giang huu phuoc	1	1
giang huu phuong anh	1	1
giang huyen trang	1	1
giang huynh	1	1
giang huynh minh khanh	1	1
giang khac tuyen	1	1
giang khanh huyen	1	1
giang khanh linh	1	1
giang khanh quan	1	1
giang khiet an	1	1
giang khiet oanh	1	1
giang kien cuong	1	1
giang kieu my	1	1
giang kim bich thuy	1	1
giang kim nhu	1	1
giang kim nhung	1	1
giang kim phung	1	2
giang kim thanh	1	1
giang kim thao	1	1
giang ky nam	1	1
giang lam tung	1	1
giang lan anh	1	1
giang lan han	1	3
giang le	1	1
giang le dieu	1	1
giang le duc hoang	1	1
giang le khai	1	1
giang le khanh hien	1	2
giang le loi	1	1
giang le minh ngoc	1	1
giang le tuyen	1	1
giang linh tran	1	1
giang long ky	1	1
giang ly minh nhat	1	1
giang ma	1	1
giang mai tan khang	1	1
giang man phong	1	1
giang mang phuoc	1	1
giang manh chien	1	1
giang manh hoang	1	1
giang manh hung	1	2
giang manh khang	1	1
giang manh quyen	1	1
giang manh tuan	1	1
giang mi chia	1	1
giang mi cho	1	1
giang mi kien	1	1
giang mi vang	1	1
giang mi vu	1	1
giang minh anh	1	1
giang minh canh	1	1
giang minh chu	1	1
giang minh cong	1	1
giang minh dai	1	1
giang minh duc	1	2
giang minh ha	1	1
giang minh hieu	1	1
giang minh hoang	1	2
giang minh loc	1	1
giang minh long	1	1
giang minh manh	1	1
giang minh ngoc	1	2
giang minh quan	1	1
giang minh tam	1	2
giang minh thanh	1	1
giang minh thanh truc	1	1
giang minh tho	1	1
giang minh thu	1	1
giang minh thuy van	1	1
giang minh tien	1	1
giang minh tu	1	1
giang minh tuan	1	1
giang minh tung	1	1
giang minh vuong	1	1
giang my han	1	1
giang my hanh	1	2
giang my khue	1	1
giang my linh	1	1
giang my ngan	1	1
giang my ngoc	1	1
giang my nhung	1	1
giang my phung	1	1
giang my phuong	1	1
giang my quynh	1	1
giang my tam	1	1
giang nam doan ngoc	1	1
giang nam hai	1	1
giang nam huy	1	1
giang ngo	1	2
giang ngoc anh	1	1
giang ngoc anh phuong	1	1
giang ngoc dan	1	1
giang ngoc diem	1	1
giang ngoc diep	1	1
giang ngoc do	1	1
giang ngoc dung	1	1
giang ngoc ha linh	1	1
giang ngoc hai anh	1	1
giang ngoc hung	1	1
giang ngoc khanh	1	1
giang ngoc kieu vy	1	1
giang ngoc linh	1	2
giang ngoc ngan	1	1
giang ngoc nhu y	1	1
giang ngoc sang	1	2
giang ngoc tan	1	1
giang ngoc thao nhi	1	1
giang ngoc tram	1	1
giang ngoc truc	1	1
giang ngoc tu	1	1
giang ngoc tuoi	1	1
giang ngoc van anh	1	1
giang nguyen	1	2
giang nguyen anh	1	1
giang nguyen duy	1	1
giang nguyen hoang thien	1	1
giang nguyen huong	1	1
giang nguyen minh thu	1	1
giang nguyen thi thu	1	1
giang nguyen thu ha	1	1
giang nguyen tu	1	1
giang nguyen vung	1	1
giang nguyen xuan	1	1
giang nguyet minh	1	1
giang nhan hoa	1	1
giang nhat huy	1	1
giang nhat minh	1	1
giang nhat nam	1	1
giang nhat phuong	1	1
giang nhut anh	1	1
giang ninh	1	1
giang nong	1	1
giang pham	1	2
giang pham yen binh	1	1
giang phan	1	1
giang phan quy	1	1
giang pho	1	1
giang phong hao	1	2
giang phung	1	1
giang phuong hong	1	1
giang phuong linh	1	1
giang phuong thuy	1	1
giang quang dat	1	2
giang quang triet	1	1
giang que bich	1	1
giang que nhu	1	1
giang quoc an	1	1
giang quoc chi	1	1
giang quoc cuong	1	1
giang quoc huy	1	1
giang quoc khanh	1	3
giang quoc phong	1	1
giang quoc trieu	1	1
giang quoc viet	1	1
giang quoc vu	1	1
giang quynh anh	1	2
giang quynh trang	1	1
giang se gia	1	1
giang seo chinh	1	1
giang seo cho	1	1
giang seo chua	1	1
giang seo di	1	2
giang seo din	1	1
giang seo hong	1	1
giang seo nguyen	1	1
giang seo nhi	1	1
giang seo pao	1	1
giang seo phu	1	1
giang seo plau	1	1
giang seo quyen	1	1
giang seo sinh	1	1
giang seo sy	1	1
giang son dat	1	1
giang son ha	1	1
giang son thanh	1	1
giang son thong nhat	1	1
giang son thuy	1	1
giang son tien	1	1
giang ta h	1	1
giang tac bieu	1	1
giang thach thao	1	1
giang thai	1	1
giang thai huyen trang	1	1
giang thai phong	1	1
giang thanh	1	2
giang thanh an	1	1
giang thanh bach	1	1
giang thanh binh	1	1
giang thanh cong	1	1
giang thanh dat	1	2
giang thanh dong	1	1
giang thanh hung	1	1
giang thanh lam	1	2
giang thanh long	1	2
giang thanh luu	1	1
giang thanh nam	1	3
giang thanh nga	1	1
giang thanh nghia	1	2
giang thanh nhu	1	1
giang thanh phuc	1	1
giang thanh son	1	1
giang thanh thao an	1	1
giang thanh thong	1	1
giang thanh tra	1	1
giang thanh truc	1	1
giang thanh tu	1	1
giang thanh tung	1	2
giang thanh tuong	1	1
giang thanh uyen	1	1
giang thanh van	1	1
giang thao dung	1	1
giang thao huyen	1	1
giang thao nguyen	1	1
giang thao vy	1	1
giang the viet	1	1
giang thi bau	1	1
giang thi bich	1	1
giang thi bich lieu	1	1
giang thi bich phuong	1	1
giang thi binh	1	1
giang thi boi quan	1	1
giang thi ca	1	2
giang thi cam nhung	1	1
giang thi chi	1	1
giang thi chu	1	1
giang thi chua	1	1
giang thi cong	1	1
giang thi cuc	1	1
giang thi diep	1	1
giang thi dieu thuy	1	1
giang thi din	1	1
giang thi dinh	1	1
giang thi diu	1	1
giang thi dong	1	1
giang thi dung	1	3
giang thi gua	1	1
giang thi ha thu	1	1
giang thi hai dang	1	1
giang thi hai yen	1	1
giang thi hang	1	1
giang thi hanh	1	1
giang thi hiep	1	1
giang thi ho	1	1
giang thi hoa hai	1	1
giang thi hong duyen	1	1
giang thi hong hanh	1	1
giang thi hong lien	1	1
giang thi hong nhi	1	1
giang thi hong nhung	1	1
giang thi hong tham	1	1
giang thi huong	1	2
giang thi huong huyen	1	1
giang thi huyen	1	2
giang thi huyen trang	1	1
giang thi khanh linh	1	1
giang thi khanh ly	1	2
giang thi ki	1	1
giang thi kieu trang	1	1
giang thi kim chi	1	1
giang thi kim dung	1	1
giang thi kim lien	1	1
giang thi kim loan	1	1
giang thi la	1	1
giang thi lan	1	1
giang thi lan anh	1	1
giang thi lan ha	1	1
giang thi lan huong	1	1
giang thi lanh	1	1
giang thi le	1	1
giang thi le huyen	1	1
giang thi len	1	1
giang thi mai	1	3
giang thi mang	1	1
giang thi mao	1	1
giang thi may	1	2
giang thi minh	1	1
giang thi minh anh	1	1
giang thi my	1	1
giang thi my chi	1	1
giang thi my dung	1	1
giang thi nam	1	1
giang thi nga	1	1
giang thi ngoc anh	1	2
giang thi ngoc dung	1	1
giang thi ngoc han	1	1
giang thi ngoc hang	1	1
giang thi ngoc ngan	1	1
giang thi ngoc nhi	1	1
giang thi ngoc yen	1	1
giang thi nguyen	1	1
giang thi nguyet	1	1
giang thi nguyet ha	1	1
giang thi nhung	1	2
giang thi nu	1	1
giang thi pa	1	1
giang thi phuong	1	2
giang thi phuong anh	1	1
giang thi phuong lien	1	1
giang thi quyen	1	3
giang thi quynh	1	1
giang thi quynh anh	1	2
giang thi quynh nga	1	1
giang thi sang	1	1
giang thi si	1	1
giang thi sinh	1	1
giang thi so	1	1
giang thi son	1	1
giang thi song	1	1
giang thi sua	1	2
giang thi sung	1	2
giang thi tha	1	1
giang thi thanh ha	1	1
giang thi thanh hoa	1	1
giang thi thanh huyen	1	1
giang thi thanh nha	1	3
giang thi thanh thanh	1	1
giang thi thanh thao	1	3
giang thi thanh thuy	1	1
giang thi thanh truc	1	1
giang thi thanh tuyen	1	1
giang thi thanh van	1	1
giang thi tho	1	1
giang thi thom	1	1
giang thi thu	1	2
giang thi thu ha	1	2
giang thi thu hoai	1	1
giang thi thu huong	1	1
giang thi thu huyen	1	2
giang thi thu lan	1	2
giang thi thu phuong	1	1
giang thi thu trang	1	1
giang thi thuong	1	1
giang thi thuong thuong	1	1
giang thi thuy	1	1
giang thi thuy duong	1	1
giang thi thuy huong	1	1
giang thi thuy lieu	1	1
giang thi thuy linh	1	1
giang thi thuy phuong	1	1
giang thi thuy tien	1	1
giang thi thuy trang	1	2
giang thi thuy van	1	1
giang thi tinh	1	2
giang thi tra my	1	2
giang thi trang	1	2
giang thi tu anh	1	2
giang thi tuyen	1	1
giang thi tuyet anh	1	1
giang thi van	1	1
giang thi van anh	1	1
giang thi vang	1	1
giang thi vinh	1	1
giang thi xa	1	1
giang thi xay	1	1
giang thi xuan	1	1
giang thi xuan mai	1	2
giang thien	1	1
giang thien kim	1	1
giang thinh hung	1	1
giang thu ha	1	1
giang thu huong	1	1
giang thu luyen	1	1
giang thu ngan	1	1
giang thu phong	1	1
giang thu phuong	1	1
giang thu thao	1	1
giang thu trang	1	2
giang thuan hy	1	3
giang thuy anh	1	1
giang thuy diu	1	1
giang thuy dung	1	1
giang thuy hang	1	1
giang thuy hong	1	1
giang thuy kieu	1	1
giang thuy linh	1	1
giang thuy ly	1	1
giang thuy nga	1	1
giang thuy tien	1	1
giang thuy trang	1	1
giang thuy van	1	1
giang tien binh	1	1
giang tien dat	1	2
giang tien dung	1	1
giang tien thanh	1	1
giang to hoa	1	1
giang toan phuc	1	1
giang tran	1	54
giang tran bang	1	1
giang tran binh	1	1
giang tran hoang huy	1	1
giang tran hoang trinh	1	2
giang tran huong	1	3
giang tran luong cam	1	1
giang tran nguyen thuan	1	1
giang tran phu	1	1
giang tran quynh	1	1
giang tran thai	1	1
giang tran thanh	1	1
giang tran thu	1	1
giang tran van	1	1
giang tran xung hy	1	1
giang trang	1	1
giang trang kim ngan	1	1
giang trang ngan	1	2
giang tri hieu	1	1
giang tri kiet	1	1
giang tri tuong	1	1
giang trieu cuong	1	1
giang trieu dat	1	1
giang trieu long	1	1
giang trieu my ngoc	1	1
giang trieu thanh	1	1
giang trinh	1	1
giang trong tu	1	1
giang truc han	1	1
giang truc thao	1	1
giang trung dong	1	1
giang trung hieu	1	3
giang trung hung	1	1
giang trung nghia	1	1
giang trung thanh	1	1
giang truong huu nghi	1	1
giang truong minh thu	1	1
giang truong son	1	1
giang truong thinh	1	1
giang tu hanh	1	1
giang tu hue	1	1
giang tu khanh	1	1
giang tu xuan	1	1
giang tuan anh	1	3
giang tuan hien	1	1
giang tuan hiep	1	1
giang tuan kiet	1	1
giang tuan linh	1	1
giang tuan minh	1	1
giang tuan thanh	1	1
giang tuc chuong	1	1
giang tuyet phan	1	1
giang ung hung	1	1
giang uy	1	1
giang van bang	1	1
giang van bep	1	1
giang van cao	1	1
giang van chinh	1	1
giang van chu	1	1
giang van cuong	1	1
giang van dai	1	1
giang van dat	1	1
giang van diep	1	1
giang van dong	1	1
giang van duc	1	3
giang van dung	1	2
giang van duyet	1	1
giang van gioi	1	1
giang van ha	1	1
giang van hai	1	1
giang van hien	1	1
giang van huan	1	1
giang van huy	1	3
giang van khanh	1	1
giang van khuyen	1	1
giang van lam	1	2
giang van lien	1	1
giang van long	1	1
giang van luong	1	1
giang van nam	1	1
giang van nghia	1	2
giang van ninh	1	1
giang van pham	1	1
giang van phot	1	1
giang van phuong	1	3
giang van quynh	1	1
giang van sang	1	1
giang van son	1	2
giang van tai	1	1
giang van tao	1	1
giang van thai hoc	1	1
giang van thanh	1	1
giang van thinh	1	1
giang van thong	1	1
giang van thu	1	1
giang van thuc	1	1
giang van toi	1	1
giang van trung	1	1
giang van truong	1	1
giang van tuan	1	4
giang van tuong	1	1
giang van tuyen	1	1
giang van ty	1	1
giang van vu	1	2
giang van vung	1	1
giang van xanh	1	1
giang van xuong	1	1
giang vi nhan	1	1
giang viet an	1	1
giang viet anh	1	1
giang viet hoang	1	1
giang viet thang	1	1
giang vinh khang	1	1
giang vinh kiet	1	1
giang vinh thai	1	1
giang vo tran duc	1	1
giang vu	1	1
giang vu cam nhung	1	1
giang vu thang	1	1
giang vu tuan long	1	1
giang vy	1	1
giang xuan dong	1	1
giang xuan hai	1	1
giang xuan khoa	1	1
giang xuan kinh	1	1
giang xuan nhi	1	1
giang y mai	1	1
giang y thanh	1	1
giang yen duc	1	1
giao	1	1
giao chau ly	1	1
giao dang	1	1
giao duy vinh	1	1
giao ha	1	1
giao hoang	1	1
giao huu truong vinh	1	1
giao kha tuyen	1	1
giao lam	1	1
giao lan phuong	1	1
giao le	1	1
giao linh dang	1	1
giao minh nguyen	1	1
giao ngo	1	1
giao nguyen	1	1
giao nguyen van	1	1
giao nhat vuong	1	1
giao nhut phuong tung	1	1
giao pham	1	1
giao phan	1	1
giao quynh	1	1
giao ta	1	1
giao thi khanh ngoc	1	2
giao thi ngoc tram	1	1
giao thi thoa	1	1
giao thi xuan hong mai	1	1
giao thuy linh	1	1
giao tran	1	1
giao trung kien	1	1
giao truong	1	1
giao van sy	1	1
giao vo	1	1
giao vu	1	1
giao vungoc	1	1
giap anh ngoc	1	1
giap anh tu	1	1
giap bang hung	1	1
giap bang nhan	1	1
giap bang tai	1	1
giap bao yen	1	1
giap bui	1	1
giap bui hoai linh	1	1
giap bui viet anh	1	1
giap cam anh	1	1
giap cong hieu	1	1
giap dang kha	1	1
giap dang khanh	1	1
giap dang ninh	1	1
giap dang tung	1	1
giap dinh dang	1	1
giap do	1	1
giap dong binh	1	1
giap duc hung	1	1
giap duc tam	1	1
giap duong	1	1
giap duy anh	1	1
giap gia long	1	1
giap giang son	1	1
giap ha linh	1	1
giap hai ha	1	1
giap hai linh	1	1
giap hien phuong	1	1
giap hoa binh	1	1
giap hoang anh	1	2
giap hoang duc	1	1
giap hoang hiep	1	1
giap hoang long	1	1
giap hoang nam	1	1
giap hoang phong	1	1
giap hoang son	1	1
giap hoang thanh minh	1	1
giap hoang viet	1	1
giap hong gam	1	1
giap hong linh	1	1
giap hong minh	1	1
giap hong ngoc	1	1
giap hong phat	1	1
giap hong phong	1	1
giap huong	1	1
giap huy	1	1
giap huy hoang	1	1
giap huyen thuong	1	1
giap huyen trang	1	1
giap kien cuong	1	1
giap kim anh	1	1
giap le	1	1
giap le ngoc	1	1
giap mai hien	1	1
giap manh cuong	1	1
giap manh hieu	1	1
giap manh hoa	1	1
giap manh quang	1	1
giap manh tung	1	1
giap minh duc	1	1
giap minh hao	1	1
giap minh hoang	1	1
giap minh khanh	1	1
giap minh khiem	1	1
giap minh quang	1	1
giap minh tam	1	1
giap minh tien	1	1
giap minh truong	1	1
giap ngoc anh	1	1
giap ngoc chien	1	1
giap ngoc doan	1	1
giap ngoc hai	1	1
giap ngoc khanh	1	1
giap ngoc lien	1	1
giap ngoc luu	1	1
giap ngoc trung	1	2
giap nguyen	1	1
giap nguyen khuyen	1	1
giap nguyen phuoc thieu	1	1
giap nguyen quang liem	1	1
giap nguyen tu anh	1	1
giap nguyen vu tran	1	1
giap phan vu	1	1
giap phuong khoai	1	1
giap phuong mai	1	1
giap quang chinh	1	1
giap quang tung	1	1
giap quy duong	1	1
giap quyet thang	1	1
giap quynh huong	1	1
giap song tien	1	1
giap tan thinh	1	1
giap thanh hoang	1	1
giap thanh long	1	2
giap thanh luan	1	1
giap thanh son	1	1
giap thanh tung	1	1
giap thao anh	1	1
giap the hoang	1	1
giap the van	1	1
giap thi anh dao	1	1
giap thi anh giang	1	1
giap thi anh thu	1	1
giap thi bang	1	2
giap thi bich yen	1	1
giap thi chang	1	1
giap thi dan	1	1
giap thi dinh	1	1
giap thi due	1	1
giap thi gam	1	1
giap thi giang	1	1
giap thi ha	1	1
giap thi hai yen	1	2
giap thi han	1	1
giap thi hang	1	2
giap thi hanh	1	1
giap thi hien	1	1
giap thi hieu	1	1
giap thi hoai linh	1	1
giap thi hoai phuong	1	1
giap thi hoai thao	1	1
giap thi hong	1	2
giap thi hong anh	1	3
giap thi hong dao	1	1
giap thi hong thom	1	1
giap thi hong vi	1	1
giap thi hue	1	3
giap thi hue chi	1	1
giap thi huong	1	1
giap thi huong xoan	1	1
giap thi huy phuong	1	1
giap thi huyen	1	3
giap thi huyen thuong	1	1
giap thi kieu	1	1
giap thi kim ngan	1	1
giap thi kim sinh	1	1
giap thi lan huong	1	1
giap thi lanh	1	1
giap thi linh	1	1
giap thi loan	1	1
giap thi luong	1	1
giap thi luong thanh	1	1
giap thi mai	1	1
giap thi mai anh	1	1
giap thi mai huong	1	1
giap thi minh huyen	1	1
giap thi mong nghi	1	1
giap thi my linh	1	1
giap thi ngan	1	1
giap thi ngoc anh	1	1
giap thi ngoc bich	1	2
giap thi ngoc diep	1	1
giap thi ngoc hien	1	1
giap thi ngoc huyen	1	1
giap thi ngoc thanh	1	1
giap thi nguyen	1	1
giap thi nhai	1	1
giap thi nhi	1	1
giap thi nhung	1	1
giap thi oanh	1	1
giap thi phuong	1	3
giap thi phuong thanh	1	2
giap thi quyen	1	3
giap thi quynh anh	1	1
giap thi quynh nga	1	1
giap thi tac	1	1
giap thi tam	1	1
giap thi tham	1	1
giap thi thanh	1	2
giap thi thanh din	1	1
giap thi thanh hoai	1	1
giap thi thao vy	1	1
giap thi thin	1	1
giap thi thoy nga	1	1
giap thi thu hang	1	2
giap thi thu hien	1	1
giap thi thu thao	1	1
giap thi thu trang	1	1
giap thi thuong	1	1
giap thi thuy	1	2
giap thi thuy linh	1	1
giap thi thuy ngan	1	1
giap thi tien	1	1
giap thi tinh	1	1
giap thi trang	1	1
giap thi tuong vi	1	1
giap thi tuyet mai	1	1
giap thi van	1	1
giap thi van anh	1	1
giap thi viet anh	1	1
giap thi xuan anh	1	1
giap thi yen	1	3
giap thien hoang	1	1
giap thien phuc	1	1
giap thu hien	1	1
giap thu huyen	1	1
giap thu phuong	1	1
giap thuy ngoc tran	1	1
giap thuy trang	1	1
giap tien giap	1	1
giap tong quat	1	1
giap tran	1	1
giap tran minh	1	1
giap trong tan	1	1
giap trung kien	1	1
giap tuan anh	1	1
giap tuan dung	1	2
giap tuan linh	1	2
giap tuan nghia	1	1
giap tung lan	1	1
giap van anh	1	2
giap van bao	1	1
giap van bay	1	1
giap van binh	1	1
giap van can	1	1
giap van chien	1	1
giap van chinh	1	1
giap van chuc	1	1
giap van cung	1	1
giap van cuong	1	4
giap van de	1	1
giap van diep	1	1
giap van dinh	1	1
giap van do	1	1
giap van doan	1	1
giap van dung	1	2
giap van duong	1	2
giap van duy	1	1
giap van ha	1	1
giap van hai	1	1
giap van hanh	1	2
giap van hao	1	1
giap van hien	1	3
giap van hiep	1	3
giap van hieu	1	1
giap van hoa	1	1
giap van hoan	1	2
giap van hoi	1	1
giap van huan	1	1
giap van hung	1	2
giap van huong	1	1
giap van huy	1	2
giap van kha	1	2
giap van khang	1	1
giap van khi	1	1
giap van khoa	1	1
giap van lam	1	1
giap van lieu	1	1
giap van linh	1	2
giap van loc	1	1
giap van loi	1	1
giap van long	1	1
giap van luan	1	1
giap van luong	1	1
giap van manh	1	3
giap van minh	1	1
giap van nam	1	4
giap van nhi	1	1
giap van phuc	1	2
giap van phuong	1	1
giap van quang	1	1
giap van son	1	4
giap van su	1	1
giap van tam	1	1
giap van tan	1	2
giap van thau	1	1
giap van thiem	1	1
giap van thinh	1	1
giap van tho	1	1
giap van thong	1	1
giap van thuong	1	2
giap van tien	1	2
giap van tinh	1	1
giap van truong	1	5
giap van tuan	1	2
giap van tuyen	1	2
giap van uoc	1	1
giap van viet	1	1
giap viet anh	1	1
giap viet ha	1	1
giap vo	1	1
giap vo thu huong	1	1
giap vu hoang yen	1	1
giap vu nam duong	1	1
giap vu nguyen	1	1
giap vu van	1	1
giap xuan chinh	1	1
giap xuan huong	1	1
giap xuan nam	1	1
giap xuan phuong	1	1
giap xuan quy	1	1
giap xuan son	1	1
giap xuan tin	1	1
giap xuan truong	1	1
giap xuan vinh quang	1	1
giau	1	1
giau dang	1	1
giau doai	1	1
giau doan	1	1
giau ho	1	1
giau huynh	1	1
giau le	1	1
giau ngo	1	1
giau nguyen	1	1
giau nguyen huu	1	1
giau phan	1	1
giau tien	1	1
giau tran	1	1
giau tran jewel tran	1	1
giau tran thi ngoc	1	1
giau vo	1	1
giau vu	1	1
gien quoc hung	1	1
gieng chan dung	1	1
gieng ky dong	1	1
gieng linh	1	1
gieng pham	1	1
gieng phan	1	2
gieng phat tuong	1	1
gieng senh	1	1
gieng suc hung	1	1
gieng toan	1	1
giep tieu phung	1	1
gin tuong vy	1	1
gin vong thy	1	1
gina giau nguyen	1	1
gina huynh	1	1
gio hoang tan	1	1
gioi n smith nguyen	1	1
gioi nguyen	1	1
gioi pham	1	1
gioi pham van	1	1
gioi si ngo	1	1
gioi tran	1	2
gioi tran minh	1	1
gioi truong minh	1	1
gion john truong	1	1
gion nguyen phuong the my	1	1
giong dinh cong	1	1
giong thi uyen	1	1
gip a kin	1	1
gip hoa minh	1	1
gip hung thanh	1	1
gip hung tiet	1	1
gip huynh bao han	1	1
gip minh	1	1
gip ngoc hung	1	1
gip ngoc quy	1	1
gip quynh phi	1	1
giri the hung	1	1
giuong phat lien	1	1
gno duy van	1	1
gno ngoc han	1	1
go gian	1	1
go tran ba	1	1
goang seo hoa	1	1
goang xu pha	1	1
goi chi trung	1	1
goi du tai	1	1
gole adrong	1	1
gonoux ali lam vu	1	1
gosain ravi girih hoang quoc viet	1	1
grace duong	1	1
grace huynh	1	1
guong le	1	1
guong nguyen	1	1
guong pham	1	1
