u don	1	1
u huy	1	1
u loai	1	1
u ngoc quoc hung	1	1
u ngoc thien thanh	1	1
u ri hung	1	1
uan thi chien	1	1
uan truong	1	1
ub dong bang	1	1
uc minh huynh hanh phuc	1	1
uc ngoc dang	1	1
uch leang	1	1
um narith	1	1
um phuong my	1	1
un toan	1	1
un van	1	1
ung bao nhi	1	2
ung binh son	1	1
ung boi nhu yen	1	1
ung dac tho	1	1
ung dang dinh trung	1	1
ung dang phuong quyen	1	1
ung do duc thanh	1	2
ung duc cao	1	1
ung duc khue	1	1
ung duc luong	1	1
ung duc trung	1	1
ung duy ninh	1	1
ung gia huy	1	1
ung hoa dong	1	1
ung hoang minh	1	1
ung hoang nam	1	1
ung hoang vi	1	1
ung hoang yen oanh	1	1
ung kim hanh	1	1
ung kim hong	1	1
ung le duyen	1	1
ung le tuyet minh	1	1
ung lien phung	1	1
ung manh cuong	1	1
ung manh nam	1	1
ung manh tu	1	1
ung minh cuong	1	1
ung minh duc	1	1
ung minh duy	1	1
ung my dieu	1	1
ung my duyen	1	1
ung my linh	1	1
ung ngoc anh	1	1
ung ngoc linh chi	1	1
ung ngoc phuong	1	1
ung ngoc phuong thuy	1	1
ung ngoc quoc thai	1	1
ung ngoc thach	1	1
ung ngoc thanh	1	1
ung ngoc trinh	1	2
ung nguyen anh	1	1
ung nguyen thao hang	1	1
ung nhat thanh	1	1
ung nho thuong	1	1
ung nho tien	1	1
ung nho trung	1	1
ung nin ny	1	1
ung phal la	1	1
ung pham thi quynh ngoc	1	1
ung phu vinh	1	1
ung phung hoang	1	1
ung phuong thao	1	1
ung phuong uyen	1	1
ung quang duy	1	1
ung quoc dai	1	1
ung quoc duong	1	1
ung quoc trang	1	1
ung quyen	1	1
ung sy nga	1	2
ung sy quan	1	1
ung tai phong	1	1
ung thai duy	1	1
ung thang my	1	1
ung thanh cong	1	1
ung thanh dat	1	1
ung thanh dung	1	1
ung thanh hoai	1	1
ung thanh huy	1	1
ung thanh long	1	1
ung thanh mai	1	1
ung thanh truong	1	1
ung thanh tuan	1	1
ung thao uyen	1	1
ung thi anh tuyet	1	1
ung thi bich lan	1	1
ung thi cham anh	1	1
ung thi dieu	1	1
ung thi dieu thuy	1	1
ung thi ha quyen	1	1
ung thi hanh nguyen	1	1
ung thi hoan	1	1
ung thi hoang diep	1	1
ung thi hong nhung	1	1
ung thi hong tham	1	1
ung thi huong ly	1	1
ung thi huyen trang	1	1
ung thi kim anh	1	2
ung thi lam linh	1	1
ung thi le van	1	1
ung thi linh chi	1	1
ung thi my diem	1	1
ung thi my duyen	1	1
ung thi nam	1	1
ung thi nga	1	1
ung thi ngoc	1	1
ung thi ngoc anh	1	1
ung thi ngoc ha	1	1
ung thi nhan	1	1
ung thi phuong	1	1
ung thi phuong hien	1	2
ung thi phuong mai	1	1
ung thi quynh hoa	1	1
ung thi thanh huyen	1	1
ung thi thanh ngan	1	1
ung thi thanh thien	1	1
ung thi thao	1	1
ung thi thu duyen	1	1
ung thi thu hue	1	1
ung thi thu huong	1	1
ung thi thu nguyet	1	1
ung thi thu tuyen	1	1
ung thi thuy	1	1
ung thi thuy giang	1	1
ung thi thuy ha	1	1
ung thi thuy hang	1	1
ung thi thuy lieu	1	1
ung thi thuy linh	1	1
ung thi thuy oanh	1	1
ung thi tuyet mai	1	1
ung thi van anh	1	1
ung thi yen ly	1	1
ung thi yen nhi	1	1
ung thu hien	1	1
ung thuy tuyet nhi	1	1
ung trang thi	1	1
ung trieu quoc huy	1	1
ung trong nghia	1	2
ung trong toan	1	1
ung tu quyen	1	1
ung tuan kiet	1	1
ung van be	1	1
ung van dat	1	2
ung van hai	1	2
ung van hung	1	2
ung van loc	1	1
ung van long	1	1
ung van minh	1	1
ung van quan	1	1
ung van quang	1	1
ung van quyen	1	1
ung van tam	1	1
ung van thanh	1	1
ung van tuy	1	1
ung viet anh	1	2
ung viet duc	1	1
ung viet quan	1	1
ung viet tu	1	1
ung vinh phong	1	1
ung vu thanh	1	1
ung vu viet thong	1	1
ung vuong mai tra	1	1
ung xuan hien	1	1
ung xuan quy	1	1
unh nien	1	1
uoc nguyen	1	1
uoi huynh phuong dung	1	1
uong bui huong giang	1	1
uong chau hoan	1	1
uong chau lien	1	1
uong cong luan	1	1
uong dang khanh duy	1	1
uong dieu huong	1	1
uong dieu linh	1	1
uong dinh duong	1	1
uong dinh duy	1	1
uong dinh hoan	1	1
uong dinh huan	1	1
uong dinh huy	1	1
uong dinh khoi	1	1
uong dinh kien	1	1
uong dinh long	1	1
uong dinh minh quan	1	1
uong dinh thai	1	1
uong dinh viet cuong	1	1
uong do bach	1	1
uong dong anh	1	1
uong dong hung	1	1
uong duc giang	1	1
uong duc hung	1	1
uong duc quan	1	1
uong duc tam	1	1
uong duc tu	1	1
uong duong ha vy	1	1
uong duong truong	1	1
uong duy vinh	1	2
uong ha huy	1	1
uong hieu hang	1	1
uong hoai son	1	1
uong hoang minh	1	1
uong hoang phuong linh	1	2
uong hoang quan	1	1
uong hoang thong	1	1
uong hong minh	1	2
uong hong phuc	1	2
uong hong thuong	1	1
uong huong duong	1	1
uong huong ly	1	1
uong huy an	1	1
uong huy dung	1	1
uong huy tien	1	2
uong huy trung	1	2
uong huyen trang	1	1
uong le phuong uyen	1	1
uong manh hung	1	1
uong manh thang	1	1
uong minh anh	1	1
uong minh cuong	1	1
uong minh duc	1	1
uong minh ngoc	1	1
uong minh quan	1	1
uong minh tuyen	1	1
uong ngoc anh	1	1
uong ngoc bao duy	1	1
uong ngoc bich	1	1
uong ngoc ha	1	1
uong ngoc hiep	1	1
uong ngoc hung	1	2
uong ngoc quyen	1	1
uong ngoc thanh	1	1
uong ngoc tien	1	1
uong nguyen hoai thuong	1	1
uong nhat hoan	1	1
uong nhat long	1	1
uong nhat quang	1	1
uong pham hoai linh	1	1
uong phuoc lam	1	1
uong quoc cuong	1	1
uong quoc huy	1	1
uong quoc thang	1	1
uong quoc viet	1	1
uong quynh chi	1	1
uong si thang	1	1
uong sy dai	1	1
uong sy hung	1	1
uong sy sang	1	1
uong sy suy	1	1
uong tan sang	1	1
uong thanh huong	1	1
uong thanh lam	1	1
uong thanh tuan	1	1
uong the cuong	1	1
uong the vinh	1	1
uong thi anh	1	1
uong thi chung	1	1
uong thi dieu	1	1
uong thi hai	1	1
uong thi hai yen	1	1
uong thi hang	1	1
uong thi hien	1	1
uong thi hoa	1	1
uong thi hoai linh	1	1
uong thi hoai ly	1	2
uong thi hoai phuong	1	1
uong thi hoan	1	1
uong thi hong nhung	1	1
uong thi huong ly	1	1
uong thi huyen my	1	1
uong thi lam anh	1	1
uong thi mai phuong	1	1
uong thi my hanh	1	1
uong thi ngan tram	1	1
uong thi ngoc	1	1
uong thi ngoc lan	1	1
uong thi nhat le	1	1
uong thi nhat trang	1	1
uong thi phuong anh	1	1
uong thi quynh	1	1
uong thi thanh mai	1	1
uong thi thanh nhan	1	1
uong thi thanh thuy	1	2
uong thi thanh truc	1	2
uong thi thao vy	1	1
uong thi thu hien	1	1
uong thi thu huong	1	1
uong thi thu huyen	1	1
uong thi thu trang	1	1
uong thi thuy hang	1	1
uong thi tu	1	1
uong thi van an	1	1
uong thi viet anh	1	2
uong thi vinh	1	2
uong thien lich	1	1
uong thu hang	1	1
uong thu hao	1	1
uong thu trang	1	2
uong thuy anh	1	1
uong thuy dung	1	1
uong trong binh	1	1
uong trung kien	1	1
uong tuan manh	1	1
uong tuan phong	1	1
uong van anh	1	1
uong van hinh	1	1
uong van hung	1	1
uong van kien	1	1
uong van thong	1	1
uong van ton	1	1
uong van viet	1	1
uong van vinh	1	1
uong van vy	1	1
uong viet dung	1	2
uong viet hoang	1	1
uong vu hoang tram	1	2
uong vu ngoc my	1	1
uong xuan lam	1	1
ut cao thi	1	1
ut dien	1	1
ut kiet	1	1
ut muoi nguyen	1	1
ut ngoc	1	1
uy dinh xuan	1	1
uy hung son	1	1
uy le	1	1
uy le xuan	1	1
uy nguyen	1	1
uy thi minh oanh	1	1
uyen	1	1
uyen banh	1	1
uyen bui	1	1
uyen c tran	1	1
uyen cao	1	1
uyen cao chu	1	1
uyen chau	1	1
uyen dam	1	1
uyen dang	1	1
uyen dau	1	1
uyen do	1	1
uyen doan	1	1
uyen emma hua	1	1
uyen hoang	1	1
uyen hua	1	1
uyen kim huynh	1	1
uyen l	1	1
uyen le	1	1
uyen le nha thuc	1	1
uyen ly	1	1
uyen mai	1	1
uyen mimi le	1	1
uyen n	1	1
uyen ngo	1	1
uyen nguyen	1	1
uyen nhat	1	1
uyen nong	1	1
uyen pham	1	1
uyen phan	1	1
uyen thai	1	1
uyen thieu	1	1
uyen thy vu	1	1
uyen tieu	1	1
uyen tran	1	1
uyen truong	1	1
uyen uyen ton nu	1	2
uyen vicky vo	1	1
uyen vo	1	1
uyen win dinh	1	1
uyen wing tran	1	1
uyen winnie nguyen	1	1
uyn hoang	1	1
