o gia han	1	1
o hon hao	1	1
o hue hao	1	1
o khiet chi	1	1
o ly dung	1	1
o minh thien	1	1
o na bya	1	1
o ngoc minh thu	1	1
o quoc bao	1	1
o quoc thong	1	1
o sa ka	1	1
o thi hue tram	1	1
o thi xuan phuong	1	1
o thi yen nhi	1	1
o tuan hai	1	1
oai bui	1	1
oai bui quoc	1	1
oai dang	1	1
oai dang van	1	1
oai duong	1	1
oai ha	1	1
oai hoang	1	1
oai huynh	1	1
oai le	1	1
oai nguyen	1	2
oai phamvan	1	1
oai tran	1	1
oai vo	1	2
oanh	1	1
oanh bui	1	1
oanh cao	1	1
oanh dam	1	1
oanh dang	1	1
oanh do	1	1
oanh doan	1	1
oanh duong	1	1
oanh han	1	1
oanh ho	1	1
oanh huynh	1	1
oanh khuat	1	1
oanh le	1	1
oanh luu	1	1
oanh mai	1	1
oanh ng	1	1
oanh ngo	1	1
oanh nguyen	1	2
oanh nuyen	1	1
oanh oanh	1	2
oanh pham	1	1
oanh phan	1	1
oanh t tran	1	1
oanh tran	1	2
oanh tran xuan	1	1
oanh ung	1	1
oanh vo	1	2
oanh vu	1	1
oh ji hun	1	1
oh yun mi	1	1
ok thach son kien	1	1
olivia dao	1	1
olivier le van	1	1
olivier le van truoc	1	1
olivier nguyen khac	1	1
olyvia chac nguyen	1	1
on boi an	1	1
on chi linh	1	1
on chi vi	1	1
on chung ngoc tu huong	1	1
on duc hanh	1	1
on duy khanh	1	1
on gia khanh	1	1
on ha khanh nguyen	1	2
on hai thanh	1	1
on hoang trung	1	2
on hong phuong nhi	1	1
on huyen tran	1	1
on khanh duy	1	1
on kiem minh	1	1
on kien	1	1
on kien thiet	1	1
on manh dung	1	1
on minh thu	1	1
on my linh	1	1
on ngoc hong ngan	1	1
on ngoc khanh hoai	1	1
on nguyen manh linh	1	1
on nguyen ngoc ha	1	1
on nhu binh eric	1	1
on nhu ha	1	1
on phu ky	1	1
on quoc bao	1	1
on quoc kiet	1	1
on quoc thanh thao	1	1
on quoc tu	1	1
on sy vinh	1	1
on tang gia kiet	1	1
on thai sac	1	1
on thanh that	1	1
on thi anh nguyet	1	1
on thi kim ngan	1	1
on thi kim thu	1	1
on thi loan	1	1
on thi nhoi	1	1
on thi sen	1	1
on thi thu dung	1	1
on thi thu uyen	1	1
on thi thuy	1	1
on thi tram	1	1
on thi trang	1	1
on thu thao	1	1
on thuc nhi	1	1
on tiep van	1	1
on to phung	1	1
on tran phuong anh	1	1
on tuan huy	1	1
on tuyet nhi	1	1
on uyen trinh	1	1
on van chien	1	1
on van hai	1	1
on van hao	1	1
on van luong	1	1
on van vu	1	1
on vinh luan	1	1
on vinh phong	1	1
on xuan hanh	1	1
ong a huan	1	1
ong ba chuong	1	1
ong ba khoa	1	1
ong bang	1	1
ong bao cuong	1	1
ong bich diep	1	1
ong binh	1	2
ong bo	1	1
ong bui duc hanh	1	1
ong bui quang binh	1	1
ong bui van long	1	1
ong cam lac	1	2
ong canh	1	1
ong chan ich	1	1
ong chieu	1	1
ong chieu binh	1	1
ong chik ngoc	1	1
ong chu duc tuan	1	1
ong chung van bang	1	1
ong chut	1	1
ong cong	1	2
ong cuong	1	1
ong cuu	1	1
ong dai duong	1	1
ong dang phuc khang	1	1
ong dang thang long	1	1
ong dang van hung	1	1
ong dang xuan vinh	1	1
ong dat	1	1
ong diem phuong	1	1
ong dien	1	1
ong dieu	1	1
ong dieu hanh	1	1
ong do	1	1
ong do dinh thi	1	1
ong do doan manh	1	1
ong do quang canh	1	1
ong do thanh an	1	1
ong don	1	1
ong du	1	1
ong duc	1	2
ong duc son	1	1
ong dung	1	1
ong duong ngoc minh	1	1
ong duyen	1	1
ong gia hy	1	1
ong gia minh	1	1
ong giang	1	2
ong gioi	1	1
ong ha kiet ut	1	1
ong hai	1	4
ong hai hiep	1	1
ong hai phuoc	1	1
ong hanh	1	1
ong hien	1	1
ong hien tuoc	1	1
ong hoa	1	3
ong hoan	1	1
ong hoang	1	1
ong hoang lam nhu	1	1
ong hoang minh	1	1
ong hoang minh hai	1	1
ong hoang trong tuan	1	1
ong hue linh	1	1
ong hung	1	3
ong hung manh	1	1
ong huyen	1	2
ong huynh	1	1
ong huynh khac nhan	1	1
ong huynh tuan kiet	1	1
ong ich nhu thong	1	1
ong ket	1	1
ong khac dung	1	1
ong khac luan	1	1
ong khac nha	1	1
ong khac quy	1	1
ong khac tuan	1	1
ong khai	1	1
ong khanh	1	1
ong khiem	1	1
ong khoa	1	1
ong khuong	1	1
ong kien hung	1	1
ong kien quoc	1	1
ong kim	1	1
ong kim hieu	1	1
ong kim khiem	1	1
ong kim phung	1	1
ong kim tien	1	1
ong kim vinh	1	1
ong kinh	1	1
ong ky	1	1
ong lai duy chinh	1	1
ong lam quang truong	1	1
ong lang son	1	1
ong le anh tuan	1	1
ong le huy sang	1	1
ong le sy phong	1	1
ong le thanh nghi	1	1
ong liem	1	1
ong lien nguyen	1	1
ong lieu tran	1	1
ong long	1	1
ong luong	1	1
ong luong trong dung	1	1
ong luong xuan hoang	1	1
ong ly hien giang	1	1
ong mai viet hung	1	1
ong manh hung	1	1
ong minh	1	2
ong minh chien	1	1
ong minh ngoc	1	1
ong minh quan	1	1
ong my ngoc	1	1
ong nam	1	1
ong nghiem anh vu	1	1
ong nghiem van liem	1	1
ong ngo quang hung	1	1
ong ngo van dung	1	1
ong ngoc hoa	1	1
ong ngoc long	1	1
ong ngoc luu	1	1
ong ngoc nhu	1	1
ong ngoc phan	1	1
ong ngoc ruong	1	1
ong ngoc thanh	1	1
ong ngoc thuan	1	1
ong ngoc toan	1	1
ong ngoc tuan	1	1
ong ngoc tung	1	1
ong nguyen	1	1
ong nguyen cao cuong	1	1
ong nguyen chi thuc	1	1
ong nguyen dai tan	1	1
ong nguyen huu minh	1	1
ong nguyen huy tho	1	1
ong nguyen huyen trang	1	1
ong nguyen long duc	1	1
ong nguyen manh phuc	1	1
ong nguyen minh thanh	1	1
ong nguyen ngoc phuong	1	1
ong nguyen phu nam	1	1
ong nguyen quoc cuong	1	1
ong nguyen quy thuan	1	1
ong nguyen quyet	1	1
ong nguyen tai thuyet	1	1
ong nguyen tat phu hoa	1	1
ong nguyen thanh nam	1	1
ong nguyen thanh the	1	1
ong nguyen tran viet	1	1
ong nguyen trung hoi	1	1
ong nguyen van canh	1	1
ong nguyen van cuong	1	1
ong nguyen van kien	1	1
ong nguyen van thuc	1	1
ong nguyen van tuyen	1	1
ong nguyen xuan hat	1	1
ong nhat tan	1	1
ong nhon	1	1
ong nhu dat	1	1
ong pham duc anh	1	1
ong pham hong bac	1	1
ong pham minh	1	1
ong pham ngoc son	1	1
ong pham thanh hieu	1	1
ong pham thanh tung	1	1
ong pham truong son	1	1
ong pham van kien	1	1
ong pham van minh	1	1
ong pham van phu	1	1
ong pham viet dam	1	1
ong pham xuan lam	1	1
ong phan huy hung	1	1
ong phan viet hung	1	1
ong phong	1	1
ong phu	1	1
ong phung	1	1
ong phuoc nha thi	1	1
ong phuoc thien ha	1	1
ong phuong	1	2
ong quang	1	1
ong quang dien may	1	1
ong quang kinh	1	1
ong quang nam	1	1
ong quang nhat thinh	1	1
ong que san	1	1
ong quyet bang	1	1
ong quynh	1	3
ong sam	1	1
ong sang	1	1
ong sinh lan	1	1
ong son	1	2
ong ta van cong	1	1
ong tam	1	1
ong tam chuc	1	1
ong tan	1	1
ong tan loc	1	1
ong thac	1	1
ong thang	1	1
ong thanh	1	5
ong thanh nguyen	1	1
ong thanh xuan	1	1
ong thao	1	1
ong the dung	1	1
ong the hiep	1	1
ong the hieu	1	1
ong the hoa	1	1
ong the hoang	1	1
ong the khanh	1	1
ong the thanh	1	1
ong the tu	1	1
ong the tuan	1	1
ong thi an trinh	1	1
ong thi dep	1	1
ong thi hang	1	1
ong thi hoa	1	1
ong thi hong anh	1	1
ong thi huong	1	1
ong thi khanh huyen	1	1
ong thi khanh quy	1	1
ong thi kieu	1	1
ong thi kim oanh	1	1
ong thi lan huong	1	1
ong thi mai	1	1
ong thi minh anh	1	1
ong thi nga	1	1
ong thi nhung	1	2
ong thi oanh	1	1
ong thi phuong thao	1	1
ong thi quynh	1	1
ong thi sai	1	1
ong thi thanh huyen	1	1
ong thi thanh thuy	1	1
ong thi thao nguyen	1	1
ong thi thao nhu	1	2
ong thi thu	1	1
ong thi thu thuong	1	1
ong thi thuy trang	1	1
ong thi tuyet phuong	1	1
ong thi van anh	1	1
ong thi xuan giang	1	1
ong thi yen	1	1
ong thien kim	1	1
ong thong	1	1
ong thu	1	2
ong thu bien	1	1
ong thu chau	1	1
ong thuan	1	1
ong thuy diem trinh	1	3
ong tien	1	1
ong tien hien	1	1
ong tinh nhu	1	1
ong to dinh	1	1
ong to khu cho	1	1
ong toan	1	2
ong tran	1	2
ong tran anh thu	1	1
ong tran huu chien	1	1
ong tran minh truong	1	1
ong tran quoc anh	1	1
ong tran tuan anh	1	1
ong tran van anh	1	1
ong tri	1	1
ong trinh	1	1
ong trong nhan	1	1
ong trung	1	2
ong truong khanh toan	1	1
ong truong sinh	1	1
ong tu hoa	1	1
ong tu quan	1	1
ong tu quyen	1	2
ong tuan	1	3
ong tue	1	1
ong tung	1	1
ong tung duong	1	1
ong tung nga	1	1
ong tuong	1	1
ong tuyen	1	1
ong tuyen tinh	1	1
ong ty	1	1
ong van	1	2
ong van anh	1	1
ong van cong son	1	1
ong van dung	1	3
ong van duong	1	2
ong van hau	1	1
ong van hien	1	1
ong van hieu	1	1
ong van huu	1	1
ong van lua	1	1
ong van luan	1	1
ong van nguyen	1	1
ong van tan	1	1
ong van thai	1	2
ong van thanh tung	1	1
ong van thinh	1	1
ong van tung	1	1
ong van xuan loc	1	1
ong ven	1	1
ong vi luong	1	1
ong vien	1	1
ong viet tinh	1	1
ong vinh hoa	1	1
ong vinh nhat quang	1	1
ong vu duc anh	1	1
ong vu quoc viet	1	1
ong vu quynh nhu	1	1
ong vu van giap	1	1
ong vu van tu	1	1
ong vuong ho sanh	1	1
ong vuong minh triet	1	1
ong xuan de dan	1	1
ong xuan hung	1	2
ong xuan loc	1	1
ong xuan thinh	1	1
ong xuan truong	1	1
ong xuan tung	1	1
oriane nguyen thuyet	1	1
oto nhut	1	1
ouch path sattya	1	1
ozeri yael phuong trinh	1	1
