k a hang	1	1
k an trang thu hang	1	1
k anh	1	1
k ban	1	2
k ben	1	1
k bet	1	1
k bi	1	1
k bien	1	1
k bieng	1	1
k bieu	1	1
k bong	1	1
k bra	1	1
k brai	1	1
k bren	1	1
k broh	1	1
k broi	1	1
k brun	1	1
k brus	1	1
k byot	1	1
k cha	1	1
k cham	1	2
k chang	1	1
k chien	1	1
k chinh	1	1
k chiu	1	1
k dai	1	1
k dam	1	1
k dan	1	1
k dao	1	2
k de	1	1
k dieu	1	2
k dik	1	1
k do	1	1
k doan	1	1
k doi	1	2
k dong	1	1
k du	1	1
k dung	1	1
k duynh	1	1
k e xe chia	1	1
k ep	1	1
k giang	1	1
k giang the	1	1
k gluan	1	1
k han	1	1
k hieu	1	2
k hoa	1	2
k hoai	1	2
k hoan	1	1
k hue	1	1
k huong	1	1
k huy	1	1
k jap	1	1
k ji	1	1
k jim	1	2
k jo nong sang khanh vinh	1	1
k juon	1	1
k juys	1	1
k khanh	1	1
k khoen	1	1
k khoi	1	1
k khue	1	1
k kiet	1	1
k kieu	1	3
k lan	1	1
k leh	1	1
k levi	1	1
k lien	1	2
k lim	1	1
k linh	1	1
k lom	1	1
k long ha phu	1	1
k long ha thong	1	1
k long k nho	1	1
k long phi truong	1	1
k los	1	1
k luan	1	3
k luc	1	1
k luk	1	1
k luong	1	2
k lus	1	1
k luu	1	1
k luyet	1	1
k luyn	1	1
k luys	1	1
k lyang mour listen	1	1
k manh	1	1
k meo	1	1
k mien	1	1
k minh chau	1	1
k mis	1	1
k mong	1	1
k muc	1	1
k na my	1	1
k nas bruk aran	1	1
k nes	1	1
k nghoe	1	1
k nguyen	1	1
k nguyen thao quyen	1	1
k nhan	1	1
k nhat giang	1	1
k nhu	1	1
k nhuen	1	1
k njan mos	1	1
k nrong suyn	1	1
k pa h na	1	1
k pa thuyet	1	1
k phan	1	1
k phieu	1	1
k phong	1	1
k phuoc	1	1
k po prong tuy	1	1
k quang	1	1
k quin	1	1
k quynh	1	1
k rem	1	1
k reu	1	1
k rim	1	1
k ro to	1	1
k ros	1	1
k sa rak	1	1
k san	1	1
k sang thi minh thu	1	1
k sanh	1	1
k sat	1	1
k seng	1	1
k sinh	1	1
k soel	1	1
k sonh	1	1
k sor le thuong	1	1
k sor min	1	1
k sor suzen mlo	1	1
k sor uyn	1	1
k sor y cam	1	1
k sun	1	1
k sung	1	1
k suoi	1	1
k suong	1	1
k suu	1	2
k suyn	1	1
k tam	1	1
k tan	1	1
k thanh	1	1
k thanh doanh	1	1
k thao	1	1
k thap	1	1
k thi am	1	1
k thi anh nguyet	1	1
k thi hien	1	1
k thi hoa	1	1
k thi nho	1	1
k thi nhu	1	1
k thi soi	1	1
k thi thuy	1	1
k thi thuy loan	1	1
k thi xuyen	1	1
k thieu	1	2
k thu	1	2
k thuc	1	1
k thuy	1	2
k thuyet	1	1
k tien	1	1
k toang	1	1
k tor ya ngan	1	1
k tran viet tuan	1	2
k trang	1	1
k truc	1	1
k trung	1	1
k truong lam	1	1
k truong ngoc duy	1	1
k tu	1	1
k tuyen	1	2
k tuynh	1	1
k tuys	1	1
k uong	1	1
k uyen	1	1
k van	1	2
k van hoai	1	1
k van nha	1	1
k van thuan	1	1
k van xung khoa	1	1
k vinh	1	1
k vo	1	1
k vrong	1	1
k vu sang trong	1	1
k xuan	1	1
k yeu	1	1
k yon ma thinh	1	1
k your nas	1	1
ka a ne	1	1
ka an	1	2
ka ban	1	1
ka bo	1	1
ka che	1	1
ka chi	1	1
ka chien	1	1
ka dam	1	1
ka deck tou plui	1	1
ka dieu	1	1
ka dim	1	1
ka dinh	1	1
ka dis	1	1
ka diu	1	1
ka doi	1	1
ka dom	1	1
ka dos	1	1
ka du nhy	1	1
ka dung	1	2
ka dunh	1	1
ka duy	1	1
ka duyen	1	2
ka e xe te trim	1	1
ka glem	1	1
ka ha	1	1
ka ha ba kuk	1	1
ka ha bron	1	1
ka han	1	2
ka hanh	1	1
ka hau	1	1
ka he	1	1
ka heo	1	1
ka hiep	1	1
ka hin	1	3
ka hinh	1	1
ka hip	1	1
ka hoai kieu trinh	1	1
ka hoang phong	1	1
ka hoi	1	2
ka hong	1	1
ka hop	1	1
ka hos	1	1
ka hun	1	1
ka huong	1	3
ka huu	1	1
ka huyen	1	1
ka huyeng	1	1
ka huynh	1	4
ka huys	1	1
ka khan	1	2
ka kieu jao	1	1
ka le kim ngan	1	1
ka lea	1	1
ka lien	1	1
ka lin da	1	1
ka linh	1	1
ka loan	1	2
ka loang	1	1
ka luyen	1	1
ka luys	1	1
ka ly dia	1	1
ka lyang ty	1	1
ka m hom	1	1
ka mai	1	2
ka mai kim	1	1
ka man	1	1
ka mhui	1	1
ka mi	1	2
ka mieng	1	1
ka my	1	1
ka my nga	1	1
ka my thuan	1	1
ka my trinh	1	1
ka n ham	1	1
ka ngoan	1	2
ka ngoc	1	1
ka ngoc nguyen	1	1
ka ngoc phuong uyen	1	1
ka nguyen	1	1
ka nguyen thi thu hien	1	1
ka nguyet	1	2
ka nha	1	1
ka nhan	1	1
ka nhi	1	3
ka nhoan	1	1
ka nhung	1	2
ka nhuy	1	1
ka oanh	1	2
ka pa gia	1	1
ka phan	1	2
ka phien	1	1
ka pun	1	1
ka quang	1	1
ka quang lam	1	1
ka quynh	1	1
ka quynh dao	1	1
ka rim	1	2
ka rit	1	3
ka ros	1	1
ka sa ha phat	1	1
ka sa k hang	1	1
ka sa k tus	1	1
ka sa ka nhu	1	1
ka se	1	1
ka so trinh	1	1
ka sre drong song tres	1	1
ka sre drong song tris	1	1
ka sung	1	1
ka suy	1	1
ka ta vi tha	1	1
ka tham	1	2
ka than	1	1
ka thanh	1	2
ka thanh thi	1	1
ka thao	1	1
ka thau	1	1
ka thi	1	1
ka thi quy	1	1
ka thi thanh vy	1	2
ka thiet	1	2
ka thinh	1	1
ka tho	1	2
ka thoa	1	1
ka thoan	1	1
ka thom	1	1
ka thon	1	1
ka thu	1	6
ka thuan	1	1
ka thuat	1	1
ka thun	1	1
ka thuy	1	4
ka thuy ly	1	1
ka thuyen	1	1
ka thuyn	1	2
ka thy	1	1
ka tor huynh thanh thao	1	1
ka tram	1	1
ka trang	1	1
ka trim	1	1
ka truyen	1	1
ka tu	1	1
ka tuyen	1	2
ka tuyet trang	1	1
ka uyen	1	2
ka vien	1	1
ka xuan huong	1	1
ka y nhi	1	1
ka yen	1	2
kahien phong	1	1
kam kim thoa	1	1
kan xuan thanh	1	1
kao man nhu	1	1
kao thi ngoc hieu	1	1
kaphu thi van	1	1
kate nuong nguyen	1	1
kate trinh	1	1
kathy loc	1	1
katie vuu	1	1
kato tu	1	1
kator cang	1	1
kator nghia	1	1
kator nin	1	1
kator thi duong	1	1
kator thi hop	1	1
kator thi mai	1	1
kator thi noi	1	1
kator vien	1	1
kay hoang	1	1
kayla thoan	1	1
kbuor y grim	1	1
ke phuong thao	1	1
ke thi linh chi	1	1
ke van tha	1	1
kean lyhok	1	1
ked ladasay	1	1
keith khiet nguyen	1	1
kelly ly	1	1
kelly phung	1	1
kelly truong	1	1
kelvin ngoan tran	1	1
kelvin phong	1	1
kem dang dung	1	1
ken ly	1	1
ken nien	1	1
ken vien	1	1
kendrick nguyen	1	1
kenneth nhac phi hoang	1	1
kenneth tran	1	1
kenny vuong	1	1
kenshin lang khach	1	1
keo bora	1	1
keo ma ni	1	1
keo serey	1	1
keo sorikan	1	1
keo sovann	1	1
keo thia vy	1	1
keo vieng theu	1	1
keo vong sac anusac	1	1
ker quoc hoi	1	1
ker thi yen	1	1
ket sa na	1	1
kevin d tran	1	1
kevin hoang	1	1
kevin tran	1	29
kevin tran dai nghia	1	1
kevin tran mrics	1	1
kevin tran nguyen	1	1
kha	1	1
kha a cha	1	1
kha a lu	1	1
kha a thong	1	1
kha anh hong	1	1
kha anh tuyet	1	1
kha bao thi	1	1
kha bui	1	1
kha cao	1	1
kha chuong	1	1
kha dang	1	2
kha do	1	1
kha duc	1	1
kha duy nam	1	2
kha gia quach	1	1
kha ha van	1	1
kha hai chau	1	1
kha hoai bao vu	1	2
kha hoang	1	1
kha hoang anh	1	1
kha hoang di	1	1
kha hoang tu	1	1
kha hong hung	1	1
kha hong phuc	1	1
kha hong tai	1	1
kha hung anh	1	1
kha huu du	1	1
kha huy hoang	1	1
kha huynh	1	1
kha kha	1	1
kha khai minh	1	1
kha le	1	1
kha le tuan anh	1	1
kha linh lam	1	1
kha mach	1	1
kha my linh	1	2
kha my ngoc	1	1
kha my yen	1	1
kha n	1	1
kha ngoc anh	1	1
kha ngoc lan	1	1
kha nguyen	1	1
kha nguyen khai hoan	1	1
kha nhat huy	1	1
kha nhut qui	1	2
kha pham	1	1
kha pham van	1	1
kha phat	1	1
kha que my	1	1
kha quoc tuan	1	1
kha quynh song thuong	1	1
kha thai dan	1	1
kha thai vi	1	1
kha thanh thien	1	1
kha thanh toan	1	1
kha the du	1	1
kha the san	1	1
kha thi anh nguyet	1	1
kha thi bao	1	1
kha thi bich ngoc	1	1
kha thi binh minh	1	1
kha thi giang	1	1
kha thi hai	1	1
kha thi hang	1	1
kha thi hanh	1	2
kha thi hoai	1	1
kha thi la	1	1
kha thi linh	1	1
kha thi loan	1	1
kha thi mao	1	1
kha thi my duyen	1	1
kha thi my uyen	1	1
kha thi nga	1	1
kha thi ngoc dan	1	1
kha thi ngoc huyen	1	1
kha thi nguyet	1	1
kha thi nhung	1	1
kha thi phuong	1	1
kha thi tao	1	1
kha thi thanh tam	1	1
kha thi tien	1	1
kha thi van	1	1
kha thi xuan	1	1
kha thia ry	1	1
kha thuy linh	1	1
kha tien dat	1	1
kha tien hieu	1	1
kha tien hung	1	1
kha tram	1	1
kha tran	1	1
kha truc anh	1	1
kha truong	1	1
kha tu quay	1	1
kha tuyet nhi	1	1
kha van chuan	1	1
kha van cuong	1	1
kha van dat	1	1
kha van duong	1	1
kha van hoai	1	1
kha van hung	1	1
kha van khanh	1	1
kha van minh	1	1
kha van nghiep	1	1
kha van nguyen	1	1
kha van phu	1	1
kha van quang	1	1
kha van son	1	1
kha van tai	1	1
kha van thang	1	1
kha van thanh	1	2
kha van thin	1	1
kha van tho	1	1
kha van thuong	1	1
kha van tien	1	1
kha van tran	1	1
kha van tuan	1	2
kha van uan	1	2
kha vo kinh	1	1
kha xuan kha	1	1
kha y me	1	1
khac bac	1	1
khac bao dinh	1	1
khac binh huynh	1	1
khac chien	1	1
khac chinh nguyen	1	1
khac cuong nguyen	1	1
khac dang	1	1
khac dung nguyen	1	1
khac duy	1	1
khac duy pham	1	1
khac duy truong nguyen	1	1
khac hieu nguyen	1	1
khac hoang hai	1	1
khac hoang n	1	1
khac hoang ngo	1	1
khac huy	1	1
khac huy vo	1	1
khac huyen	1	1
khac huyen my	1	1
khac khanh duy nguyen	1	1
khac le	1	1
khac minh vu	1	1
khac nam nguyen	1	1
khac nguyen	1	1
khac nhan le	1	1
khac ninh	1	1
khac pham	1	1
khac phong do	1	2
khac phu	1	1
khac phuong thy bui	1	1
khac quan nguyen	1	1
khac tam do	1	1
khac tam nguyen	1	1
khac thanh trung	1	1
khac thi dinh	1	1
khac thi ngoc binh	1	1
khac thi quynh nhu	1	1
khac toai	1	1
khac trong nguyen	1	1
khac uyen nguyen	1	1
khach san	1	1
khach san ha noi	1	1
khai a	1	1
khai bui	1	1
khai dang	1	1
khai gia nhu	1	1
khai ha	1	1
khai huynh	1	1
khai luong	1	1
khai luu	1	2
khai ly	1	1
khai minh pham md	1	1
khai ngo	1	1
khai nguyen	1	1
khai pham	1	1
khai phan	1	1
khai q nguyen	1	1
khai si nguyen	1	2
khai sokkhun	1	1
khai thac nghiep vu	1	1
khai thi hong tham	1	1
khai thi minh man	1	1
khai thi ngoc anh	1	1
khai to	1	1
khai tran	1	1
khai trinh	1	1
khai truong	1	1
khai tu	1	1
khai tuyen nguyen	1	1
khai vo	1	1
kham bun yong	1	1
kham ly ksor	1	1
kham man thi vong	1	1
kham nhoong	1	1
kham phuong nhi	1	1
kham thuy lao	1	1
kham tran anh quan	1	1
kham trinh	1	1
khamla singsom phu	1	1
khamly moukda	1	1
khan sovana	1	1
khang a tru	1	1
khang banh	1	1
khang bui	1	1
khang dang	1	2
khang diec nguyen	1	1
khang do	1	1
khang do trong	1	1
khang duc	1	1
khang duong	1	1
khang duy le	1	1
khang ha	1	1
khang ho	1	7
khang ho capm	1	1
khang hoang	1	1
khang hua	1	1
khang huynh	1	2
khang kay tran	1	1
khang kieu	1	1
khang le	1	1
khang loi	1	1
khang ly	1	1
khang nghi dao	1	1
khang nghiem	1	1
khang ngo	1	1
khang nguon	1	1
khang nguyen	1	3
khang nguyen tim huynh	1	1
khang nguyen trieu	1	2
khang on	1	1
khang pham	1	1
khang phan	1	1
khang phuong	1	1
khang thi huong	1	1
khang thi ly	1	1
khang thi pang	1	1
khang thi thuy linh	1	1
khang thinh	1	1
khang to	1	1
khang tran	1	2
khang trinh	1	1
khang tuy	1	1
khang van thinh	1	1
khang vo	1	2
khang vu	1	1
khanh	1	2
khanh an	1	1
khanh bao hoang	1	2
khanh be	1	1
khanh bui	1	1
khanh cao van	1	1
khanh cung	1	1
khanh d	1	1
khanh dang	1	1
khanh dao	1	1
khanh diep	1	1
khanh do	1	1
khanh dr	1	1
khanh duong	1	1
khanh h pham	1	1
khanh ha	1	1
khanh hang	1	1
khanh ho	1	1
khanh hoai nguyen	1	1
khanh hoang	1	2
khanh khuu	1	1
khanh kim truong	1	1
khanh l	1	1
khanh l diep	1	1
khanh lam	1	1
khanh le	1	2
khanh le chi	1	1
khanh le huynh quang	1	1
khanh le tran	1	1
khanh linh h	1	1
khanh linh nham	1	1
khanh linh pham	1	2
khanh linh vu	1	1
khanh luu	1	1
khanh ly	1	1
khanh ma quoc	1	1
khanh michael	1	1
khanh n	1	1
khanh n ta	1	1
khanh nghiem	1	2
khanh ngo	1	2
khanh ngo matt	1	1
khanh nguyen	1	2
khanh nguyen huu	1	1
khanh nguyen pham	1	1
khanh nguyen quoc	1	1
khanh p	1	1
khanh pham	1	49
khanh pham cong	1	1
khanh pham hoang	1	1
khanh pham huu	1	1
khanh pham ngoc	1	1
khanh pham tran kim acca	1	1
khanh pham trinh phuong	1	1
khanh pham trung	1	1
khanh pham vy	1	1
khanh phan	1	1
khanh phu	1	1
khanh quoc pham	1	1
khanh rudin	1	1
khanh t tran	1	3
khanh ta	1	1
khanh tam	1	2
khanh tam pham	1	1
khanh thi huong	1	1
khanh thi truc mai	1	1
khanh thinh pham	1	1
khanh tran	1	4
khanh trang	1	1
khanh trinh	1	1
khanh v	1	1
khanh vo	1	1
khanh vu	1	2
khanh vy tran	1	1
khao do xuan	1	1
khau bach xuan duy	1	1
khau chuan nhu anh	1	1
khau gia phuc	1	1
khau hai dang	1	1
khau hai nam	1	1
khau hang ny	1	1
khau kien binh	1	1
khau kien nam	1	1
khau kim ngoc	1	1
khau lam	1	1
khau minh co	1	1
khau minh hung	1	1
khau minh son	1	1
khau minh thanh	1	1
khau ngoc bao thi	1	1
khau nguyen gia han	1	1
khau nguyen thanh dat	1	1
khau quoc khoi	1	1
khau quoc trieu	1	1
khau thanh loi	1	1
khau thi anh	1	1
khau thi diem huong	1	2
khau thi diem trinh	1	1
khau thi hoang mai	1	1
khau thi hong lan	1	1
khau thi kim hoang	1	1
khau thi my hanh	1	1
khau thi ngoc hanh	1	1
khau thi thu huong	1	1
khau thi thu phuong	1	1
khau thi tram anh	1	1
khau thi tu quyen	1	1
khau thi van anh	1	1
khau thi xuan phuong	1	1
khau tien dung	1	1
khau tu huy	1	1
khau van che	1	1
khau van hung	1	1
khau van nghia	1	1
khay nguyen	1	1
khay vu	1	1
khe bach	1	1
khe bui	1	1
khe han chu	1	1
khe le	1	1
khe lieu	1	1
khe nguyen	1	1
khe pham	1	1
khe thi y chi	1	1
khe tran	1	1
khe van luyen	1	1
khe vo son	1	1
khen nguyen thi	1	1
kheo khe khai	1	1
kheo thi thuy hang	1	1
khiem bui	1	1
khiem dang	1	1
khiem dang nguyen	1	1
khiem dinh	1	2
khiem do	1	1
khiem hoang	1	1
khiem hong	1	1
khiem huynh	1	1
khiem lam	1	1
khiem le	1	1
khiem luong	1	1
khiem luu	1	1
khiem ly	1	1
khiem ngo	1	1
khiem nguyen	1	1
khiem nguyen trong	1	1
khiem nhuong joey nguyen	1	1
khiem pham	1	2
khiem phan	1	1
khiem quach	1	1
khiem ta	1	1
khiem thai	1	1
khiem tong	1	1
khiem tran	1	1
khiem tran van	1	1
khiem truong	1	1
khiem vu	1	1
khien do ngoc	1	1
khien ken hoang	1	1
khien long ngo	1	1
khien nguyen van	1	1
khien nguyen xuan	1	1
khien pham	1	1
khien tran	1	1
khiet bui	1	1
khiet chau	1	1
khiet dang	1	1
khiet doanh cheung	1	2
khiet hoang	1	1
khiet huynh	1	1
khiet la	1	1
khiet lam	1	1
khiet le	1	1
khiet luong	1	2
khiet ly	1	1
khiet manh	1	1
khiet minh le	1	1
khiet n	1	1
khiet nghi hannah huynh	1	1
khiet ngo	1	1
khiet ngu	1	1
khiet nguyen	1	1
khiet nguyen trong	1	1
khiet pham	1	1
khiet phan	1	1
khiet quach	1	1
khiet t	1	1
khiet tran	1	1
khiet trinh	1	1
khiet truong	1	1
khiet vincent nguyen	1	1
khiet vo	1	1
khieu anh tai	1	1
khieu bao ngoc	1	1
khieu bich ngan	1	1
khieu dang huu	1	1
khieu dang tien	1	1
khieu dang truong	1	1
khieu duc viet	1	1
khieu duy xuyen	1	1
khieu hai hoang	1	1
khieu hoang	1	1
khieu hoang anh	1	1
khieu hoang tung	1	1
khieu huong thao	1	1
khieu huu khanh duy	1	1
khieu khanh linh	1	1
khieu mai khoi	1	1
khieu manh duc	1	1
khieu manh quang	1	2
khieu manh quynh	1	1
khieu manh thuong	1	1
khieu minh quang	1	3
khieu nam trung	1	1
khieu ngoc	1	1
khieu nguyen hoang nhan	1	1
khieu nguyen ngoc thao	1	1
khieu phuong linh	1	2
khieu thanh dat	1	1
khieu thi binh	1	1
khieu thi hong nhung	1	1
khieu thi my duyen	1	1
khieu thi nam	1	1
khieu thi ngoan	1	1
khieu thi ngoc diep	1	1
khieu thi ngoc hoa	1	1
khieu thi thanh	1	1
khieu thi thanh tam	1	1
khieu thi thu hoai	1	1
khieu thi thuy tien	1	1
khieu thi tuyet nhung	1	1
khieu thi xuan	1	1
khieu tien loi	1	1
khieu tran mai chi	1	1
khieu trong huan	1	1
khieu trung kien	1	1
khieu tuan kiet	1	1
khieu v nguyen	1	1
khieu van hoan	1	1
khieu van kinh	1	1
khieu van manh	1	1
khieu van nghia	1	1
khieu van nguyen	1	1
khieu van quy	1	1
khieu vinh an	1	1
khieu vu huong lan	1	1
khieu xuan khanh	1	1
khieu xuan tien	1	1
khim chhen ey	1	1
khinh hoang	1	1
khinh phu	1	1
khlaut randa	1	1
kho bac nha nuoc tinh	1	1
kho luong thuc	1	1
kho me	1	1
kho thuoc sau	1	1
khoa anh dung	1	1
khoa anh viet	1	2
khoa banh	1	1
khoa bui	1	1
khoa cao	1	1
khoa cung	1	1
khoa d do	1	1
khoa d truong	1	1
khoa dang than	1	1
khoa dao	1	1
khoa dien	1	1
khoa do	1	1
khoa doan	1	1
khoa ho	1	1
khoa hoang	1	1
khoa huynh	1	1
khoa it	1	1
khoa khoa	1	1
khoa khuong	1	1
khoa kim dat	1	1
khoa lam	1	1
khoa le	1	1
khoa lieng	1	1
khoa luong	1	1
khoa ly kilis	1	1
khoa minh nguyet	1	1
khoa minh phong	1	1
khoa minh tuan	1	1
khoa n	1	1
khoa nang cam giang	1	1
khoa nang cong	1	1
khoa nang kiet	1	1
khoa nang tuyen	1	1
khoa nang xenh	1	1
khoa ngo	1	1
khoa nguyen	1	2
khoa nguyen dang	1	1
khoa nguyen tuong	1	1
khoa pham	1	2
khoa phan dang	1	1
khoa pho	1	1
khoa t nguyen	1	1
khoa thanh phuong	1	1
khoa thi hoai thu	1	1
khoa thi hong ngoc	1	1
khoa thi huyen huong	1	1
khoa thi linh	1	1
khoa thi loi	1	1
khoa thi minh phuong	1	1
khoa thi minh trang	1	1
khoa thi phuong thao	1	1
khoa thi trang	1	1
khoa thuy duong	1	1
khoa tiet	1	1
khoa to	1	2
khoa tran	1	2
khoa tran diem linh	1	1
khoa trang	1	1
khoa tung lam	1	1
khoa tuyet nhi	1	1
khoa vat ly tri lieu	1	1
khoa vo	1	2
khoa vu	1	2
khoai lang thang	1	1
khoai nguyen	1	1
khoaihumg khoai	1	1
khoan duong	1	1
khoan gieng	1	1
khoan gip	1	1
khoan le	1	1
khoan m	1	1
khoan minh	1	1
khoan mong	1	1
khoan nguyen	1	1
khoan tang	1	1
khoan tran	1	1
khoan tran danh	1	1
khoan tran phi khanh	1	1
khoan vong	1	1
khoan vu	1	1
khoang chan	1	1
khoang chuy che	1	1
khoang long me	1	1
khoang thi chinh	1	1
khoang thi kiu	1	1
khoang thi thuan	1	1
khoang tran	1	1
khoang van chien	1	1
khoang van duong	1	1
khoang van hiep	1	1
khoang van long	1	1
khoang van thien	1	1
khoang xi chu	1	1
khoang xo ly	1	1
khoat bui	1	1
khoat hai bui	1	1
khoat ho	1	1
khoat le hai	1	1
khoat ngoc	1	1
khoat nguyen	1	1
khoat than	1	1
khoat tran	1	1
khoat tran van	1	1
khoat truong	1	1
khoc dinh trieu	1	1
khoc hai nam	1	1
khoc thi quynh	1	1
khoc truong tho	1	1
khoe le thi	1	1
khoe nguyen	1	1
khoe v	1	1
khoi bui	1	1
khoi bui kinh	1	1
khoi cao	1	1
khoi d pham	1	1
khoi d pham mba	1	1
khoi dan van thi tran	1	1
khoi dao	1	1
khoi daodinh	1	1
khoi diep	1	1
khoi dinh to	1	2
khoi do	1	1
khoi doan	1	1
khoi ha	1	1
khoi ho	1	1
khoi hoang	1	1
khoi hong	1	1
khoi huynh	1	1
khoi le	1	1
khoi lu	1	1
khoi luong	1	1
khoi luu	1	1
khoi n	1	1
khoi nghiep	1	1
khoi ngo	1	1
khoi ngo tuan	1	1
khoi nguyen	1	2
khoi nguyen duy	1	1
khoi nguyen luong hai	1	1
khoi pham	1	1
khoi phan	1	1
khoi t	1	1
khoi ta	1	1
khoi tennies	1	1
khoi than	1	1
khoi to	1	1
khoi tran	1	1
khoi tran xuan 陳春魁	1	1
khoi trinh	1	1
khoi truong	1	1
khoi vo	1	2
khoi vu	1	1
khom soc ma ly	1	1
khon chau	1	1
khon diec	1	1
khon huynh	1	1
khon ta	1	1
khon tram	1	1
khong anh dung	1	1
khong anh quoc	1	1
khong bao ly	1	1
khong cao phong	1	1
khong chi bang	1	1
khong dang hoang	1	1
khong dinh do	1	1
khong dinh ha	1	1
khong dinh tan	1	2
khong dinh tich	1	1
khong dinh tien	1	1
khong doan hung	1	1
khong doan minh	1	1
khong duc anh	1	2
khong duc chuc	1	1
khong duc cuong	1	1
khong duc dung	1	1
khong duc hung	1	1
khong duc huy	1	2
khong duc khai	1	1
khong duc kien	1	1
khong duc manh	1	1
khong duc minh	1	1
khong duc quy	1	1
khong duc thang	1	2
khong duc thanh	1	2
khong duc thinh	1	1
khong duong nam	1	1
khong duy hieu	1	1
khong duy hoa	1	1
khong duy hung	1	1
khong duy khanh	1	1
khong duy nghi	1	1
khong duy quy	1	1
khong duy thuy sang	1	1
khong gia khanh	1	1
khong giang nam	1	1
khong ha giang	1	1
khong ha hong van	1	1
khong hai thanh vy	1	1
khong hoai phong	1	1
khong hoang anh	1	2
khong hoang hieu	1	1
khong hoang nhi	1	1
khong hoang phi	1	1
khong hoang thien long	1	1
khong hong quan	1	1
khong huong giang	1	1
khong huu doang	1	1
khong huu hoan	1	1
khong huu khanh	1	1
khong huu manh	1	1
khong huu ngoc	1	1
khong huu thang	1	1
khong huu trinh	1	1
khong huu trung	1	1
khong huy hung	1	1
khong huyen nhi	1	1
khong huyen trang	1	1
khong huynh thanh	1	1
khong khac hieu	1	1
khong khanh huyen	1	1
khong khanh linh	1	1
khong khue	1	1
khong kim anh	1	1
khong kim ngan	1	1
khong kim thanh	1	1
khong ky thuyen	1	1
khong lam giang	1	1
khong lao	1	1
khong le chi thanh	1	1
khong le hoai nhan	1	1
khong long hoang	1	1
khong mai huong	1	1
khong mai linh	1	1
khong mai ly	1	1
khong mai quynh	1	1
khong manh duc	1	1
khong manh hung	1	1
khong manh tung	1	1
khong minh	1	1
khong minh anh	1	1
khong minh chien	1	1
khong minh duc	1	3
khong minh dung	1	2
khong minh duy	1	1
khong minh giang	1	1
khong minh hai	1	5
khong minh hang	1	1
khong minh hiep	1	1
khong minh hieu	1	3
khong minh hoang	1	2
khong minh huong	1	2
khong minh huyen	1	1
khong minh khang	1	1
khong minh kien	1	2
khong minh long	1	1
khong minh luan	1	1
khong minh luong	1	1
khong minh nam	1	1
khong minh ngoc	1	3
khong minh ngoc ha	1	1
khong minh phat	1	1
khong minh phong	1	1
khong minh phuong uyen	1	1
khong minh quoc	1	1
khong minh tan	1	1
khong minh thai	1	2
khong minh thang	1	1
khong minh thanh	1	2
khong minh thao	1	2
khong minh thu	1	1
khong minh thuan	1	1
khong minh thuong	1	2
khong minh trang	1	1
khong minh triet	1	1
khong minh tu	1	1
khong minh tuan	1	2
khong minh xuan	1	1
khong my phuong	1	1
khong my son	1	1
khong ngoc anh tho	1	1
khong ngoc diep	1	1
khong ngoc quyet	1	1
khong ngoc quynh hoa	1	1
khong ngoc tho	1	1
khong ngoc trong	1	1
khong nguyen thanh son	1	1
khong nguyen thuy hoang	1	1
khong nguyet quyen	1	1
khong nhat binh	1	1
khong nhat huyen	1	2
khong nhat linh	1	1
khong nhat minh	1	1
khong nhu giang	1	1
khong pham phuong nhi	1	1
khong phi huu	1	2
khong phon nam	1	1
khong phuc anh khue	1	1
khong phuong anh	1	1
khong phuong lan	1	1
khong phuong mai	1	1
khong phuong uyen	1	2
khong quang anh	1	1
khong quang chuong	1	1
khong quang duy	1	1
khong quang hung	1	2
khong quang huy	1	1
khong quang linh	1	1
khong quang manh	1	1
khong que	1	1
khong quoc anh	1	1
khong quoc cuong	1	1
khong quoc duan	1	1
khong quoc hung	1	1
khong quoc minh	1	1
khong quoc thuong	1	1
khong quynh anh	1	1
khong quynh trang	1	1
khong son ve	1	1
khong thanh binh	1	1
khong thanh chi	1	1
khong thanh duan	1	1
khong thanh hang	1	1
khong thanh huyen sen	1	1
khong thanh nam	1	1
khong thanh thuy	1	1
khong thao ly	1	1
khong the dien	1	1
khong thi ai quynh	1	1
khong thi anh	1	1
khong thi bao ngoc	1	1
khong thi bich lan	1	1
khong thi binh minh	1	1
khong thi chuyen	1	1
khong thi cuc	1	1
khong thi diem	1	1
khong thi diep	1	2
khong thi diu	1	1
khong thi dung	1	2
khong thi gia linh	1	1
khong thi giang	1	2
khong thi ha	1	1
khong thi ha lan	1	1
khong thi hai	1	2
khong thi hai yen	1	1
khong thi hang	1	3
khong thi hau	1	1
khong thi hien	1	3
khong thi hoa	1	3
khong thi hoai	1	1
khong thi hoai thu	1	1
khong thi hoang diem chinh	1	1
khong thi hong anh	1	1
khong thi hong linh	1	1
khong thi hong ngan	1	2
khong thi hong van	1	1
khong thi huong	1	3
khong thi khanh huyen	1	1
khong thi khanh linh	1	1
khong thi khiet linh	1	1
khong thi khuyen	1	1
khong thi kieu oanh	1	1
khong thi kim chi	1	1
khong thi kim dung	1	1
khong thi kim lien	1	2
khong thi kim oanh	1	1
khong thi lan anh	1	2
khong thi le thu	1	1
khong thi linh dan	1	1
khong thi loan	1	2
khong thi mai	1	2
khong thi mai anh	1	1
khong thi mai hien	1	1
khong thi mai huong	1	1
khong thi mai linh	1	1
khong thi mai loan	1	2
khong thi mai quyen	1	1
khong thi mai vinh	1	1
khong thi men	1	1
khong thi minh anh	1	1
khong thi minh hue	1	2
khong thi minh ngoc	1	1
khong thi minh thanh	1	1
khong thi minh thu	1	2
khong thi minh thuy	1	1
khong thi my duyen	1	1
khong thi my hanh	1	2
khong thi my linh	1	1
khong thi ngoc	1	1
khong thi ngoc anh	1	2
khong thi ngoc ha	1	1
khong thi ngoc mai	1	1
khong thi ngoc nhung	1	1
khong thi ngoc uoc	1	1
khong thi nguyet	1	1
khong thi nhu	1	1
khong thi nhu quynh	1	1
khong thi nhung	1	1
khong thi phuong	1	4
khong thi phuong thao	1	1
khong thi phuong thu	1	1
khong thi quynh hoa	1	1
khong thi quynh nga	1	1
khong thi sang	1	1
khong thi tam	1	1
khong thi thanh ha	1	1
khong thi thanh hoa	1	2
khong thi thanh huyen	1	2
khong thi thanh nhan	1	1
khong thi thao	1	2
khong thi thao van	1	1
khong thi thom	1	1
khong thi thu	1	2
khong thi thu giang	1	1
khong thi thu ha	1	2
khong thi thu hang	1	1
khong thi thu hien	1	1
khong thi thu huong	1	1
khong thi thu huyen	1	1
khong thi thu phuong	1	1
khong thi thu thao	1	1
khong thi thu trang	1	1
khong thi thuy	1	1
khong thi thuy linh	1	1
khong thi thuy ngan	1	1
khong thi thuy nhung	1	1
khong thi thuy tien	1	1
khong thi tra my	1	1
khong thi tran cam	1	1
khong thi trang	1	2
khong thi trinh	1	1
khong thi tu	1	1
khong thi tuoi	1	1
khong thi tuyen	1	1
khong thi tuyet chinh	1	1
khong thi uyen	1	1
khong thi vinh	1	1
khong thi yen	1	1
khong thi yen nhi	1	1
khong thu ngan	1	1
khong thu trang	1	2
khong thuy duong	1	1
khong thuy linh	1	1
khong thuy ngoc	1	1
khong tien da	1	1
khong tien dat	1	2
khong tien long	1	1
khong tien sy	1	1
khong tien tho	1	1
khong tien tiep	1	1
khong tien tinh	1	1
khong tien tung	1	1
khong tran tien dat	1	1
khong tri quy	1	1
khong trong cuong	1	1
khong trong hieu	1	1
khong trong huong	1	1
khong trong kien	1	1
khong trong minh	1	1
khong trong quang	1	1
khong trong tan	1	1
khong trong tu	1	1
khong trong tuan anh	1	1
khong trung duy	1	1
khong trung nghe	1	2
khong trung nghia	1	1
khong trung nhu	1	1
khong trung tuan anh	1	1
khong truong son	1	3
khong truong tuc vinh	1	1
khong tu minh	1	1
khong tuan anh	1	2
khong tuan cuong	1	1
khong tuong minh	1	1
khong van anh	1	1
khong van bien	1	1
khong van chi kien	1	1
khong van chien	1	1
khong van chuc	1	1
khong van cong	1	1
khong van dong	1	1
khong van hieu	1	2
khong van hung	1	1
khong van huy	1	1
khong van khoi	1	1
khong van lien	1	1
khong van long	1	1
khong van luyen	1	1
khong van manh	1	3
khong van minh	1	1
khong van mung	1	1
khong van nam	1	1
khong van nguyen	1	1
khong van phong	1	1
khong van quoc	1	1
khong van quyet	1	1
khong van san	1	1
khong van sang	1	2
khong van son	1	1
khong van tai	1	1
khong van tan	1	1
khong van thang	1	1
khong van thanh	1	1
khong van them	1	1
khong van thiep	1	1
khong van thinh	1	1
khong van thuong	1	1
khong van tiep	1	1
khong van trung	1	1
khong van truong	1	1
khong van tuan	1	2
khong van viet anh	1	1
khong van vinh	1	2
khong viet doan	1	2
khong viet hoang	1	1
khong viet hung	1	3
khong viet thai	1	1
khong viet vuong	1	1
khong vu huy	1	1
khong vu minh anh	1	1
khong vu minh chi	1	2
khong vu minh thai	1	1
khong vu quang	1	1
khong yen nhi	1	2
khu bich hoai	1	1
khu bich viet	1	1
khu nguyen duc hau	1	1
khu tien	1	1
khuang khao	1	1
khuat anh hung	1	1
khuat anh ngoc	1	1
khuat anh nguyet	1	1
khuat anh quan	1	1
khuat anh thao nhi	1	1
khuat anh tu	1	1
khuat anh tuan	1	2
khuat anh viet	1	1
khuat ba an	1	1
khuat ba cong	1	1
khuat ba dong	1	1
khuat ba long	1	1
khuat ba phuc	1	1
khuat ba son tung	1	1
khuat ba tien	1	1
khuat ba trong	1	1
khuat bach duong	1	1
khuat bao kien	1	2
khuat cam tu	1	1
khuat canh duong	1	1
khuat chi linh	1	1
khuat cong thanh	1	1
khuat dai viet	1	1
khuat dang chien	1	1
khuat dang duong	1	1
khuat dang hung	1	1
khuat dang khoa	1	1
khuat dang khue	1	1
khuat dang lan	1	1
khuat dang long	1	2
khuat dang son	1	1
khuat dang trung	1	1
khuat dang tuyen	1	1
khuat dao duy hau	1	1
khuat diem ly	1	1
khuat dieu huyen	1	1
khuat dieu kieu trang	1	1
khuat dinh chinh	1	1
khuat dinh chuc	1	1
khuat dinh cong	1	1
khuat dinh duc	1	1
khuat dinh duong	1	1
khuat dinh ha	1	1
khuat dinh hai	1	1
khuat dinh hieu	1	1
khuat dinh hoang	1	1
khuat dinh huan	1	1
khuat dinh hung	1	3
khuat dinh huy	1	1
khuat dinh linh	1	1
khuat dinh manh	1	1
khuat dinh minh	1	2
khuat dinh nam	1	2
khuat dinh quan	1	1
khuat dinh quang	1	1
khuat dinh quoc an	1	1
khuat dinh son	1	1
khuat dinh thanh	1	1
khuat dinh tien	1	1
khuat dinh truong	1	1
khuat dinh tuan	1	1
khuat dinh tung	1	1
khuat dinh van	1	2
khuat dinh vuong	1	2
khuat duc cong	1	1
khuat duc duy	1	1
khuat duc lam	1	1
khuat duc thieu	1	1
khuat duy an	1	1
khuat duy anh	1	1
khuat duy bao long	1	1
khuat duy binh	1	1
khuat duy chinh	1	1
khuat duy cuong	1	3
khuat duy dat	1	2
khuat duy dong	1	1
khuat duy dong anh	1	2
khuat duy hien	1	2
khuat duy hieu	1	3
khuat duy hoang	1	1
khuat duy hung	1	2
khuat duy huy hoang	1	1
khuat duy khanh	1	1
khuat duy khiem	1	1
khuat duy kien	1	1
khuat duy kim	1	1
khuat duy lan	1	1
khuat duy loc	1	1
khuat duy long	1	2
khuat duy luong	1	1
khuat duy nam	1	3
khuat duy nghia	1	1
khuat duy nghiep	1	1
khuat duy ninh	1	1
khuat duy phu	1	1
khuat duy phuc	1	1
khuat duy quan	1	1
khuat duy quang	1	1
khuat duy quang huy	1	3
khuat duy quyen	1	1
khuat duy son	1	1
khuat duy tam	1	1
khuat duy tan	1	1
khuat duy thang	1	2
khuat duy thang loi	1	1
khuat duy thien	1	1
khuat duy tho	1	1
khuat duy thuc	1	1
khuat duy tien	1	3
khuat duy trung	1	2
khuat duy tu	1	1
khuat duy tuan	1	1
khuat duy tung	1	3
khuat duy viet	1	1
khuat duy viet anh	1	2
khuat duy vinh	1	2
khuat duy vu	1	1
khuat gia bao	1	1
khuat gia hien	1	1
khuat gia linh	1	1
khuat ha	1	1
khuat ha kieu trang	1	1
khuat ha thu	1	1
khuat hai dang	1	1
khuat hai yen	1	2
khuat hanh mai	1	1
khuat hien thu	1	1
khuat hoai nam	1	2
khuat hoai thuong	1	1
khuat hoang anh thu	1	1
khuat hoang bao truc	1	1
khuat hoang dung	1	1
khuat hoang khanh linh	1	1
khuat hoang kien	1	1
khuat hoang luong	1	1
khuat hoang quan	1	1
khuat hoang son	1	1
khuat hoang thien duc	1	1
khuat hoang tu linh	1	1
khuat hoang viet	1	2
khuat hong anh	1	1
khuat hong duong	1	1
khuat hong minh	1	1
khuat hong nhung	1	1
khuat hong quan	1	2
khuat hong son	1	1
khuat hue anh	1	1
khuat hung son	1	1
khuat huong giang	1	2
khuat huu hiep	1	1
khuat huu hieu	1	1
khuat huu loc	1	1
khuat huu phong	1	1
khuat huu quan	1	1
khuat huu tan	1	1
khuat huu thang	1	2
khuat huu thanh	1	1
khuat huu thuyet	1	1
khuat huu trung	1	1
khuat huu truong	1	1
khuat huu tuan anh	1	1
khuat huu viet	1	1
khuat huu vu trung	1	1
khuat huu vuong	1	1
khuat huy cong	1	1
khuat huy hoang	1	2
khuat huy kien	1	1
khuat huy manh	1	1
khuat huy thang	1	1
khuat huyen chi	1	1
khuat huyen thao my	1	1
khuat khai hoan	1	1
khuat khanh duy	1	1
khuat khuong duy	1	1
khuat kieu linh	1	1
khuat kim thu	1	1
khuat lan hoa	1	1
khuat linh	1	1
khuat linh chi	1	1
khuat linh dan	1	1
khuat loan que anh	1	1
khuat mai linh	1	1
khuat mai ngan	1	2
khuat manh cuong	1	2
khuat manh dung	1	1
khuat manh hoai	1	1
khuat manh hung	1	2
khuat manh quang	1	1
khuat manh tuan	1	1
khuat minh	1	1
khuat minh anh	1	1
khuat minh duc	1	1
khuat minh hang	1	1
khuat minh hao	1	1
khuat minh hien	1	1
khuat minh hieu	1	1
khuat minh hoang	1	1
khuat minh khoi	1	1
khuat minh phuc	1	3
khuat minh phuong	1	3
khuat minh quang	1	2
khuat minh quyen	1	1
khuat minh sang	1	1
khuat minh son	1	1
khuat minh thao	1	1
khuat minh tien	1	1
khuat minh toan	1	1
khuat minh tri	1	1
khuat my linh	1	1
khuat nang tien	1	1
khuat ngoc giang	1	1
khuat ngoc ha	1	1
khuat ngoc hai	1	1
khuat ngoc lan	1	1
khuat ngoc mai phuong	1	2
khuat ngoc nhu	1	1
khuat ngoc phuong anh	1	2
khuat ngoc quy	1	1
khuat ngoc tu	1	1
khuat nguyen cuong	1	2
khuat nguyen dai	1	1
khuat nguyen hao mai	1	1
khuat nguyen ngoc	1	1
khuat nguyen phuong anh	1	1
khuat nhat giang	1	1
khuat nhat linh	1	1
khuat nhat minh	1	1
khuat nhat phuong	1	1
khuat phi hung	1	1
khuat phu chien	1	1
khuat phu dinh	1	1
khuat phuong anh	1	2
khuat phuong loan	1	1
khuat phuong mai	1	1
khuat phuong nhung	1	1
khuat phuong thao	1	1
khuat phuong uyen	1	1
khuat quang an	1	1
khuat quang chinh	1	1
khuat quang cuong	1	1
khuat quang dac	1	1
khuat quang dung	1	2
khuat quang duy	1	1
khuat quang giap	1	1
khuat quang ha	1	1
khuat quang hoa	1	1
khuat quang hoang	1	1
khuat quang huan	1	1
khuat quang hung	1	2
khuat quang huu	1	1
khuat quang huy	1	3
khuat quang kien	1	1
khuat quang linh	1	1
khuat quang loi	1	1
khuat quang nam	1	1
khuat quang ngoc	1	1
khuat quang nhat	1	1
khuat quang quan	1	1
khuat quang quyet	1	1
khuat quang sang	1	1
khuat quang thai	1	1
khuat quang thanh	1	1
khuat quang thao	1	1
khuat quang trong	1	1
khuat quang tu	1	1
khuat quang tuan	1	1
khuat quang tuong	1	1
khuat quang viet	1	1
khuat quang vinh	1	2
khuat quynh anh	1	1
khuat thanh dong	1	1
khuat thanh duy	1	1
khuat thanh huong	1	1
khuat thanh huyen	1	1
khuat thanh lieu	1	1
khuat thanh long	1	1
khuat thanh mai	1	1
khuat thanh nam	1	1
khuat thanh sang	1	1
khuat thanh son	1	1
khuat thanh tam	1	1
khuat thanh tung	1	2
khuat thanh xuan	1	1
khuat thao	1	1
khuat thao chi	1	1
khuat the cuong	1	1
khuat the dung	1	2
khuat the quang	1	1
khuat the tai	1	1
khuat thi anh	1	2
khuat thi anh thu	1	1
khuat thi anh van	1	1
khuat thi bao yen	1	1
khuat thi bich ngoc	1	3
khuat thi bien	1	2
khuat thi cam thi	1	1
khuat thi chinh	1	1
khuat thi cuc	1	2
khuat thi diem quynh	1	2
khuat thi duc	1	1
khuat thi dung	1	2
khuat thi giang	1	2
khuat thi ha	1	1
khuat thi ha thu	1	1
khuat thi ha trang	1	1
khuat thi hai ha	1	1
khuat thi hai ly	1	1
khuat thi hai yen	1	1
khuat thi hang	1	2
khuat thi hao	1	1
khuat thi hien	1	1
khuat thi hoa	1	3
khuat thi hoai linh	1	1
khuat thi hoang yen	1	1
khuat thi hong anh	1	1
khuat thi hong duyen	1	1
khuat thi hong hanh	1	2
khuat thi hong linh	1	1
khuat thi hong nguyet	1	1
khuat thi hue	1	1
khuat thi hue anh	1	1
khuat thi huong	1	2
khuat thi huong giang	1	1
khuat thi huong lan	1	1
khuat thi huyen	1	2
khuat thi huyen trang	1	2
khuat thi khanh linh	1	2
khuat thi khanh ly	1	1
khuat thi kieu	1	1
khuat thi kieu nga	1	1
khuat thi kieu oanh	1	1
khuat thi kim	1	1
khuat thi kim dung	1	1
khuat thi kim thoan	1	1
khuat thi lan anh	1	1
khuat thi lan phuong	1	1
khuat thi le thi	1	1
khuat thi linh	1	1
khuat thi linh chi	1	1
khuat thi loan	1	3
khuat thi lua	1	1
khuat thi mai	1	3
khuat thi mai anh	1	1
khuat thi mai huong	1	1
khuat thi mai linh	1	1
khuat thi mai phuong	1	1
khuat thi may	1	1
khuat thi minh anh	1	2
khuat thi minh chi	1	1
khuat thi minh ha	1	1
khuat thi minh hang	1	2
khuat thi minh hien	1	1
khuat thi minh tuyet	1	1
khuat thi minh vuong	1	1
khuat thi mung	1	1
khuat thi my linh	1	1
khuat thi my tam	1	1
khuat thi nga	1	2
khuat thi ngat	1	1
khuat thi ngoc	1	1
khuat thi ngoc anh	1	3
khuat thi ngoc huyen	1	2
khuat thi ngoc linh	1	1
khuat thi ngoc tram	1	1
khuat thi ngoc tu	1	1
khuat thi nguyet	1	2
khuat thi nhan	1	1
khuat thi nhat quynh	1	1
khuat thi nhu quynh	1	2
khuat thi nhung	1	2
khuat thi ninh	1	1
khuat thi phuc	1	1
khuat thi phuong	1	1
khuat thi phuong linh	1	1
khuat thi phuong mai	1	2
khuat thi phuong thanh	1	1
khuat thi phuong thao	1	2
khuat thi phuong trang	1	1
khuat thi quyen	1	1
khuat thi quynh	1	2
khuat thi quynh ha	1	1
khuat thi quynh tram	1	1
khuat thi thai	1	2
khuat thi tham	1	1
khuat thi thanh	1	1
khuat thi thanh hao	1	1
khuat thi thanh huyen	1	1
khuat thi thanh loan	1	1
khuat thi thanh ngan	1	1
khuat thi thanh nhan	1	2
khuat thi thanh thao	1	1
khuat thi thanh trang	1	1
khuat thi thao	1	2
khuat thi thom	1	1
khuat thi thu	1	4
khuat thi thu ha	1	2
khuat thi thu hang	1	2
khuat thi thu hien	1	1
khuat thi thu huong	1	3
khuat thi thu huyen	1	1
khuat thi thu ly	1	1
khuat thi thu mai	1	1
khuat thi thu ngoc	1	1
khuat thi thu phuong	1	2
khuat thi thu thao	1	2
khuat thi thu thuy	1	1
khuat thi thu trang	1	3
khuat thi thu van	1	2
khuat thi thuy	1	4
khuat thi thuy dung	1	2
khuat thi thuy hang	1	2
khuat thi thuy hien	1	2
khuat thi thuy linh	1	2
khuat thi thuy loan	1	2
khuat thi thuy ngan	1	1
khuat thi thuy quynh	1	2
khuat thi thuy tien	1	1
khuat thi to uyen	1	1
khuat thi tra my	1	1
khuat thi trang	1	4
khuat thi tu anh	1	1
khuat thi tuyen	1	1
khuat thi tuyet mai	1	1
khuat thi tuyet phuong	1	1
khuat thi uyen	1	1
khuat thi van anh	1	2
khuat thi van ha	1	1
khuat thi xuan	1	2
khuat thi yen	1	4
khuat thi yen nhung	1	1
khuat thu hang	1	2
khuat thu hanh	1	1
khuat thu hien	1	2
khuat thu huong	1	2
khuat thu phuong	1	1
khuat thu thuy	1	1
khuat thu trang	1	2
khuat thuy duong	1	1
khuat thuy hanh	1	1
khuat thuy huyen	1	1
khuat thuy linh	1	2
khuat thuy quynh	1	2
khuat thuy trang	1	1
khuat tien anh	1	3
khuat tien dat	1	3
khuat tien dung	1	3
khuat tien hung	1	1
khuat tien phong	1	1
khuat tien thanh	1	1
khuat tien trung	1	2
khuat tien truong	1	1
khuat tien tue	1	1
khuat to hong	1	1
khuat tran thanh	1	2
khuat tri dinh	1	1
khuat tri tue	1	1
khuat trieu khanh	1	1
khuat trung anh	1	1
khuat trung duc	1	1
khuat trung dung	1	1
khuat trung kien	1	2
khuat truong an	1	1
khuat truong giang	1	1
khuat tu nam	1	1
khuat tuan anh	1	2
khuat tuan cuong	1	1
khuat tuan dung	1	1
khuat tuan son	1	1
khuat tung lam	1	1
khuat van an	1	1
khuat van anh	1	1
khuat van binh	1	2
khuat van bo	1	2
khuat van chien	1	2
khuat van chung	1	2
khuat van cuong	1	1
khuat van dat	1	2
khuat van duc	1	2
khuat van dung	1	1
khuat van duong	1	2
khuat van hai	1	1
khuat van hao	1	1
khuat van hien	1	1
khuat van hoang	1	1
khuat van huan	1	1
khuat van hung	1	2
khuat van huy	1	2
khuat van khanh	1	1
khuat van kien	1	2
khuat van lich	1	1
khuat van linh	1	1
khuat van loc	1	1
khuat van manh	1	2
khuat van minh	1	2
khuat van nam	1	2
khuat van phien	1	1
khuat van phuc	1	1
khuat van phuong	1	1
khuat van quan	1	1
khuat van quang	1	1
khuat van quyet	1	1
khuat van son	1	1
khuat van thang	1	4
khuat van thanh	1	1
khuat van thien	1	1
khuat van thuan	1	1
khuat van thuy	1	4
khuat van tien	1	2
khuat van toan	1	1
khuat van trong	1	1
khuat van truc	1	1
khuat van tu	1	1
khuat van tuan	1	1
khuat van tung	1	1
khuat van tuong	1	1
khuat van van	1	1
khuat van vinh	1	2
khuat van vu	1	2
khuat van vui	1	1
khuat viet anh	1	1
khuat viet cong	1	1
khuat viet hoang	1	1
khuat viet hung	1	2
khuat viet long	1	1
khuat vu hong quan	1	1
khuat vu khanh chi	1	1
khuat vu ngoc huong	1	1
khuat vu ngoc linh	1	1
khuat xuan bach	1	1
khuat xuan vui	1	2
khuat yen	1	1
khuat yen nhi	1	1
khuc an	1	1
khuc anh dung	1	1
khuc anh duong	1	1
khuc anh minh luong	1	1
khuc anh thu	1	1
khuc bach diep	1	1
khuc bao linh	1	1
khuc bich ngoc	1	1
khuc bui duy thinh	1	1
khuc cam huyen	1	1
khuc chi duy	1	1
khuc chi hoang	1	1
khuc chi tinh	1	1
khuc chi tung	1	1
khuc chi yen	1	1
khuc dang hai	1	1
khuc dang quang	1	1
khuc dieu loan	1	1
khuc dinh cuong	1	1
khuc dinh phuong	1	1
khuc dinh thang	1	1
khuc dinh thinh	1	2
khuc duc chung	1	1
khuc duy hung	1	1
khuc duy sinh	1	1
khuc duy tan	1	1
khuc gia khai	1	1
khuc gia tu	1	1
khuc giang sinh	1	1
khuc giang son	1	1
khuc ha	1	1
khuc hai an	1	1
khuc hai anh	1	1
khuc hai duong	1	1
khuc hai nam	1	1
khuc hat que huong	1	1
khuc hoai linh	1	1
khuc hoang anh	1	1
khuc hoang anh tuan	1	1
khuc hoang huy	1	1
khuc hoang long	1	1
khuc hoang ninh hoa	1	1
khuc hoang yen	1	1
khuc hong manh	1	1
khuc hung	1	1
khuc hung dang	1	1
khuc huong thu	1	1
khuc huu khoa	1	1
khuc huu truong giang	1	1
khuc huyen my	1	1
khuc khai hoan	1	1
khuc khanh ba	1	1
khuc khanh duy	1	1
khuc kim anh	1	1
khuc kim cuong	1	1
khuc kim khoa	1	1
khuc kim thinh	1	1
khuc kim xuyen	1	1
khuc la hong nhung	1	1
khuc lam tung	1	1
khuc lan huong	1	1
khuc linh	1	1
khuc long binh	1	1
khuc manh cuong	1	1
khuc manh dung	1	2
khuc manh hung	1	1
khuc manh thang	1	1
khuc minh	1	1
khuc minh anh	1	2
khuc minh hai	1	1
khuc minh hien	1	1
khuc minh hoa	1	2
khuc minh hoang	1	1
khuc minh khanh	1	1
khuc minh ngoc	1	1
khuc minh phuong	1	2
khuc minh quang	1	1
khuc minh thang	1	1
khuc minh trang	1	3
khuc my duyen	1	1
khuc nam hai	1	1
khuc nam long	1	1
khuc ngoc anh	1	2
khuc ngoc bich huong	1	1
khuc ngoc dat	1	1
khuc ngoc dien	1	1
khuc ngoc doan	1	2
khuc ngoc dung	1	1
khuc ngoc ha	1	1
khuc ngoc hiep	1	1
khuc ngoc hung	1	2
khuc ngoc huy	1	1
khuc ngoc lam	1	1
khuc ngoc minh	1	1
khuc ngoc quang	1	1
khuc ngoc son	1	1
khuc ngoc thien quang	1	2
khuc ngoc trung	1	2
khuc ngoc tuan	1	1
khuc nguyen	1	1
khuc nguyen anh thu	1	1
khuc nguyen bao	1	1
khuc nhat linh	1	1
khuc pham bang chau	1	1
khuc phuong anh	1	1
khuc phuong hoa	1	1
khuc quang huy	1	1
khuc quang minh	1	1
khuc quang thang	1	1
khuc quang trung	1	1
khuc quyet	1	1
khuc son	1	1
khuc tai tuan linh	1	1
khuc tan thang	1	1
khuc thanh dong	1	1
khuc thanh hai	1	1
khuc thanh hang	1	1
khuc thanh hung	1	1
khuc thanh huong	1	1
khuc thanh huyen	1	2
khuc thanh long	1	3
khuc thanh nam	1	1
khuc thanh thuy	1	2
khuc thanh tuan	1	1
khuc thanh tung	1	1
khuc thanh vinh	1	1
khuc thao nhi	1	1
khuc thi anh thi	1	1
khuc thi chuyen	1	2
khuc thi dien	1	1
khuc thi dieu linh	1	2
khuc thi dua	1	1
khuc thi duyen	1	1
khuc thi ha trang	1	1
khuc thi hai	1	1
khuc thi hai anh	1	1
khuc thi hai yen	1	2
khuc thi hanh	1	1
khuc thi hien	1	2
khuc thi hoa	1	1
khuc thi hoai	1	1
khuc thi hong hung	1	1
khuc thi hong ngoc	1	1
khuc thi hue	1	1
khuc thi hue chi	1	1
khuc thi hung	1	1
khuc thi huong	1	2
khuc thi huong giang	1	3
khuc thi huong tra	1	2
khuc thi huyen	1	2
khuc thi huyen chang	1	1
khuc thi huyen my	1	1
khuc thi huyen trang	1	1
khuc thi khanh huyen	1	1
khuc thi kieu linh	1	1
khuc thi lan anh	1	1
khuc thi luyen	1	1
khuc thi mai anh	1	1
khuc thi man	1	1
khuc thi minh anh	1	3
khuc thi minh phuong	1	1
khuc thi my	1	1
khuc thi my linh	1	1
khuc thi my quyen	1	1
khuc thi nam hai	1	1
khuc thi nga	1	1
khuc thi ngat	1	1
khuc thi ngoc khanh	1	1
khuc thi ngoc linh	1	1
khuc thi ngoc tien trang	1	1
khuc thi nhu phuong	1	1
khuc thi nhung	1	1
khuc thi pha	1	1
khuc thi phung	1	1
khuc thi phuong	1	2
khuc thi phuong anh	1	1
khuc thi phuong trang	1	1
khuc thi quyen	1	1
khuc thi quynh nhu	1	1
khuc thi tam	1	1
khuc thi thanh dung	1	1
khuc thi thanh hoai	1	1
khuc thi thanh thao	1	1
khuc thi thanh van	1	1
khuc thi thom	1	1
khuc thi thu hang	1	1
khuc thi thu hien	1	1
khuc thi thu phuong	1	1
khuc thi thu thuy	1	2
khuc thi thu trang	1	3
khuc thi thuy	1	2
khuc thi thuy hanh	1	1
khuc thi thuy ngoc	1	1
khuc thi trang	1	1
khuc thi tuoi	1	1
khuc thi tuyet	1	1
khuc thi tuyet nhung	1	1
khuc thi vi trang	1	1
khuc thi vinh	1	1
khuc thi vui	1	1
khuc thien thanh	1	1
khuc thu ha	1	1
khuc thu trang	1	2
khuc thua minh	1	1
khuc thua tuong	1	1
khuc thua vu	1	1
khuc thuy linh	1	1
khuc thuy thao nguyen	1	1
khuc thuy trang	1	3
khuc tien anh	1	1
khuc tien dat	1	1
khuc tien dung	1	1
khuc tien long	1	1
khuc tien minh	1	1
khuc to tran	1	1
khuc tran anh ngan	1	1
khuc trong quynh	1	1
khuc trung hieu	1	1
khuc trung kien	1	1
khuc truong an	1	1
khuc truong son	1	1
khuc truong tho	1	1
khuc tuan linh	1	1
khuc tuan tu	1	1
khuc tuan viet	1	1
khuc tuan vu	1	2
khuc tung lam	1	1
khuc van ba	1	1
khuc van bien	1	1
khuc van dap	1	1
khuc van dat	1	1
khuc van duc	1	1
khuc van duong	1	1
khuc van hiep	1	3
khuc van hieu	1	1
khuc van huan	1	1
khuc van hung	1	2
khuc van huong	1	1
khuc van khanh	1	1
khuc van nhi	1	1
khuc van phong	1	1
khuc van phu	1	1
khuc van sau	1	1
khuc van sinh	1	1
khuc van son	1	1
khuc van thiem	1	1
khuc van thinh	1	1
khuc van tho	1	1
khuc van tien	1	1
khuc van tong	1	1
khuc van tot	1	1
khuc van tuyen	1	1
khuc van viet	1	1
khuc viet anh	1	1
khuc viet dung	1	1
khuc viet ha	1	2
khuc vinh quang	1	1
khuc vo ngoc han	1	1
khuc vu hoang anh	1	1
khuc xuan dieu	1	1
khuc xuan khiem	1	1
khuc xuan thao	1	1
khuc xuan thinh	1	1
khuc xuan tung	1	1
khue bui	1	1
khue cao	1	1
khue chloe hoang	1	1
khue cung	1	1
khue dang	1	1
khue dinh	1	1
khue fifi ngo	1	1
khue ho	1	1
khue ho kim	1	2
khue hoang	1	1
khue kim quach	1	1
khue le	1	1
khue le minh	1	1
khue m nguyen	1	1
khue minh nguyen	1	1
khue ngo	1	1
khue nguyen	1	1
khue nguyen dr	1	1
khue nguyen kiara	1	1
khue pham	1	1
khue t	1	1
khue tran	1	1
khue tran dinh dr	1	1
khue tran minh	1	1
khue trinh	1	1
khue truong	1	1
khue van	1	1
khue vo	1	1
khue vu	1	2
khun khieu	1	1
khuong a vo	1	1
khuong ai nhu	1	1
khuong anh dung	1	1
khuong anh kiet	1	1
khuong anh loi	1	1
khuong anh tu	1	1
khuong anh vu	1	1
khuong ba dang	1	1
khuong ba hao	1	1
khuong ba hung	1	1
khuong ba ngoc	1	1
khuong bao dat	1	1
khuong bao khoa	1	1
khuong bui bao nhi	1	1
khuong cam ly	1	1
khuong cong dai	1	1
khuong cong hoang phuc	1	1
khuong cong hung	1	1
khuong cong huy	1	1
khuong cong linh	1	1
khuong cong minh	1	1
khuong dai huynh	1	1
khuong dang	1	1
khuong dang tinh	1	1
khuong danh hoang	1	1
khuong danh khanh	1	1
khuong dao	1	1
khuong dao lan linh	1	2
khuong dinh anh	1	1
khuong dinh duan	1	1
khuong dinh dung	1	1
khuong dinh kha	1	1
khuong dinh loc	1	1
khuong dinh minh	1	1
khuong dinh tan	1	1
khuong dinh tuan	1	1
khuong do	1	1
khuong doan khanh linh	1	1
khuong duc cuong	1	1
khuong duc dung	1	2
khuong duc hien	1	2
khuong duc tung	1	1
khuong duy	1	2
khuong duy khanh	1	1
khuong duy linh	1	3
khuong duy thanh	1	1
khuong ha linh	1	1
khuong ha nghi	1	1
khuong ha phong	1	1
khuong hai long	1	2
khuong hai quang	1	1
khuong hai tuyen	1	1
khuong hai yen	1	1
khuong hoai nam	1	2
khuong hoang	1	1
khuong hoang duong	1	1
khuong hoang lan	1	2
khuong hoang phuc	1	1
khuong hong anh	1	1
khuong hong hai	1	1
khuong hong ngoc	1	1
khuong huu chung	1	1
khuong huu thuan	1	1
khuong huy bon	1	1
khuong huyen tran	1	1
khuong huyen trang	1	1
khuong itvtbadboy	1	1
khuong khanh linh	1	2
khuong kim ngan	1	2
khuong kim thanh	1	1
khuong kim van chung	1	1
khuong l	1	1
khuong lap phong	1	1
khuong le	1	1
khuong le duy	1	1
khuong le hong ngoc	1	1
khuong le minh	1	2
khuong leo le	1	1
khuong linh dan	1	1
khuong linh hue	1	1
khuong linh thao	1	1
khuong lucas do	1	1
khuong luu nhat long	1	1
khuong mai ngoc	1	1
khuong manh dat	1	1
khuong minh chi	1	1
khuong minh dao	1	1
khuong minh duc	1	1
khuong minh huan	1	1
khuong minh man	1	1
khuong minh nam	1	1
khuong minh ngoc	1	2
khuong minh nhat	1	1
khuong minh thang	1	1
khuong minh tuan	1	1
khuong minh tue	1	1
khuong minh vuong	1	1
khuong my hoang dung	1	1
khuong ngoc anh	1	2
khuong ngoc bich	1	2
khuong ngoc hieu	1	1
khuong ngoc lam	1	1
khuong ngoc lan	1	2
khuong ngoc minh	1	1
khuong ngoc phuong anh	1	2
khuong ngoc tan	1	1
khuong ngoc thiet	1	1
khuong nguyen	1	1
khuong nguyen hoai	1	1
khuong nguyen ngoc hai	1	1
khuong nguyen van	1	1
khuong nguyen vu van	1	1
khuong nhat minh	1	1
khuong nhat nam	1	1
khuong nhu quynh	1	1
khuong nu tuyet kha	1	1
khuong pham	1	1
khuong phi long	1	1
khuong phu cuong	1	1
khuong phu hieu	1	1
khuong phu huy	1	1
khuong phu thanh	1	1
khuong phuong dung	1	1
khuong phuong linh	1	1
khuong quan tri	1	1
khuong quang dat	1	1
khuong quang hoa	1	1
khuong quoc phap	1	1
khuong si cuong	1	1
khuong sy dinh	1	1
khuong sy hung	1	1
khuong sy loc	1	1
khuong ta	1	1
khuong ta thanh hai	1	1
khuong tang	1	1
khuong thai	1	1
khuong thai khang	1	1
khuong thanh an	1	1
khuong thanh dat	1	1
khuong thanh duong	1	1
khuong thanh giang	1	1
khuong thanh hien	1	2
khuong thanh huyen	1	1
khuong thanh long	1	1
khuong thanh minh	1	1
khuong thanh nam	1	1
khuong thanh san	1	1
khuong thanh son	1	1
khuong thanh tri	1	1
khuong thanh tung	1	2
khuong thanh vinh	1	1
khuong thao nguyen	1	1
khuong the anh	1	1
khuong the hung	1	2
khuong the long	1	1
khuong the vu	1	1
khuong thi an nhi	1	1
khuong thi anh	1	1
khuong thi bich hop	1	1
khuong thi canh	1	1
khuong thi chieng	1	1
khuong thi duyen	1	1
khuong thi hai anh	1	1
khuong thi hoa	1	1
khuong thi hong anh	1	1
khuong thi hong duyen	1	1
khuong thi hong hai	1	1
khuong thi hong hiep	1	1
khuong thi hong nhung	1	1
khuong thi huong	1	4
khuong thi huong giang	1	1
khuong thi huyen	1	2
khuong thi kieu trinh	1	1
khuong thi kim anh	1	1
khuong thi kim phung	1	1
khuong thi lan anh	1	1
khuong thi le	1	1
khuong thi lien	1	1
khuong thi lien phuong	1	1
khuong thi luong	1	1
khuong thi luot	1	1
khuong thi mai loan	1	1
khuong thi minh	1	1
khuong thi minh anh	1	1
khuong thi minh cham	1	1
khuong thi minh ngoc	1	2
khuong thi minh nguyet	1	1
khuong thi my	1	1
khuong thi my linh	1	1
khuong thi nga	1	1
khuong thi ngoc anh	1	4
khuong thi ngoc ha	1	1
khuong thi ngoc mai	1	1
khuong thi nhung	1	1
khuong thi phuong	1	1
khuong thi phuong anh	1	1
khuong thi phuong thao	1	1
khuong thi phuong thuy	1	1
khuong thi quy	1	1
khuong thi quynh	1	1
khuong thi sao mai	1	1
khuong thi su	1	1
khuong thi thai ha	1	1
khuong thi tham	1	1
khuong thi thanh	1	3
khuong thi thanh ha	1	1
khuong thi thanh na	1	1
khuong thi thanh thuy	1	1
khuong thi thanh xuan	1	1
khuong thi thao	1	3
khuong thi them	1	1
khuong thi thu	1	1
khuong thi thu huong	1	1
khuong thi thu quyen	1	1
khuong thi thu thao	1	1
khuong thi thu trang	1	1
khuong thi thuong	1	1
khuong thi thuy duong	1	1
khuong thi thuy tien	1	2
khuong thi thuy trang	1	2
khuong thi tra my	1	1
khuong thi trang	1	1
khuong thi trinh	1	1
khuong thi tuyet	1	1
khuong thi tuyet ngan	1	1
khuong thi van anh	1	1
khuong thi van trang	1	1
khuong thi xuan	1	1
khuong thi yen	1	1
khuong thu huong	1	1
khuong thu phuong	1	1
khuong thu uyen	1	1
khuong thuy duong	1	1
khuong thuy linh	1	1
khuong thuy trang	1	3
khuong tieu	1	1
khuong toan thang	1	1
khuong tran	1	1
khuong tran minh triet	1	1
khuong trong trinh	1	1
khuong trung dung	1	1
khuong trung hieu	1	2
khuong trung kien	1	1
khuong truong	1	1
khuong truong giang	1	1
khuong tu anh	1	1
khuong tu sy	1	1
khuong tuan binh	1	1
khuong tung anh	1	1
khuong tung lam	1	1
khuong van chung	1	1
khuong van cong	1	1
khuong van cuong	1	2
khuong van dan	1	1
khuong van dien	1	1
khuong van duc	1	1
khuong van dung	1	1
khuong van duy	1	1
khuong van hai	1	1
khuong van hieu	1	1
khuong van kien	1	1
khuong van kinh	1	1
khuong van lam	1	1
khuong van luc	1	1
khuong van minh	1	1
khuong van mo	1	1
khuong van nguyen	1	1
khuong van phuc	1	1
khuong van quy	1	1
khuong van sam	1	1
khuong van tan	1	1
khuong van thang	1	1
khuong van thanh	1	1
khuong van thinh	1	1
khuong van tho	1	1
khuong van toan	1	3
khuong van trinh	1	1
khuong van trung	1	1
khuong van tu	1	1
khuong van tuan	1	2
khuong van tung	1	1
khuong van tuyen	1	1
khuong van viet	1	1
khuong van vu	1	2
khuong viet anh	1	1
khuong viet hoang	1	1
khuong viet hung	1	1
khuong viet thin	1	1
khuong viet truong	1	1
khuong viet xuan	1	1
khuong vinh khang	1	1
khuong vu	1	1
khuong vu dang khoa	1	1
khuong vu tram anh	1	1
khuong vu trung	1	1
khuong xuan bao long	1	1
khuong xuan hieu	1	1
khuong xuan hung	1	1
khuong xuan huy	1	1
khuong xuan nam	1	1
khuong xuan nghia	1	1
khuong xuan nui	1	2
khuong xuan thinh	1	1
khuong xuan tung	1	1
khuou uyen nhi	1	1
khuu ai phuong	1	1
khuu bac thuy	1	1
khuu bao dieu	1	1
khuu bao thanh	1	1
khuu bich ha	1	3
khuu buu thinh	1	1
khuu cao	1	1
khuu chan dien	1	1
khuu chau ngan thuy	1	1
khuu cong manh	1	1
khuu dai loc	1	1
khuu diem ky ky	1	1
khuu dieu an	1	1
khuu dinh minh thuong	1	1
khuu dong anh	1	1
khuu dong trinh	1	1
khuu duc thuan	1	1
khuu duc trung	1	1
khuu duong hao huy	1	1
khuu hai chieu	1	1
khuu hoang minh	1	1
khuu hoang quoc	1	1
khuu hong cam	1	1
khuu huynh loi	1	1
khuu kha nhu	1	1
khuu khen	1	1
khuu kien an	1	1
khuu kim anh	1	1
khuu kim ha	1	1
khuu kim ngan	1	1
khuu le linh	1	1
khuu le nhu phuong	1	1
khuu le phuong quyen	1	1
khuu le phuong uyen	1	1
khuu le van	1	1
khuu luan thanh	1	1
khuu luu hoai thao	1	1
khuu mai linh	1	1
khuu manh dung	1	1
khuu minh binh	1	1
khuu minh hien	1	1
khuu minh khoi	1	1
khuu minh ngoc	1	1
khuu minh thuy	1	1
khuu minh tieng	1	1
khuu minh tu	1	1
khuu my linh	1	1
khuu ngoc khanh	1	1
khuu ngoc minh chau	1	1
khuu ngoc thanh	1	1
khuu ngoc tran	1	1
khuu nguyen huu loc	1	1
khuu nguyen huyen mai	1	1
khuu nguyen kim ngan	1	1
khuu nguyen quynh nhi	1	1
khuu nguyen tan duong	1	1
khuu nguyen thanh nhan	1	1
khuu nguyen to uyen	1	1
khuu nguyet minh	1	1
khuu nhu bich	1	1
khuu phi phung	1	1
khuu phung huy	1	1
khuu quang hiep	1	1
khuu quang hieu	1	1
khuu quang vinh	1	1
khuu quoc huy	1	1
khuu quoc vinh	1	1
khuu quynh giang	1	1
khuu quynh nhu	1	1
khuu sai cuoi	1	1
khuu sai po	1	1
khuu son	1	1
khuu tan phat	1	1
khuu tan tai	1	1
khuu thai huu	1	1
khuu thanh	1	1
khuu thanh phuong	1	1
khuu thanh quang	1	1
khuu thanh son	1	1
khuu thanh thuy	1	1
khuu thanh tuan	1	1
khuu thanh tung	1	1
khuu thi bich tien	1	1
khuu thi hieu	1	1
khuu thi hong minh	1	1
khuu thi huynh quynh	1	1
khuu thi kim loan	1	1
khuu thi kim ngoc	1	1
khuu thi kim thoa	1	1
khuu thi my duyen	1	1
khuu thi my hieu	1	1
khuu thi ngan thieu	1	1
khuu thi nhu y	1	1
khuu thi thu thuy	1	1
khuu thi tuyet han	1	1
khuu thuan thuy	1	1
khuu tieu lan	1	1
khuu ton thanh phuoc	1	1
khuu tran thuy trang	1	1
khuu tran yen nhi	1	1
khuu trong nghia	1	1
khuu truc nguyen	1	2
khuu trung	1	1
khuu trung tin	1	1
khuu tu nam	1	1
khuu tuong vi	1	1
khuu tuyet kha	1	1
khuu tuyet suong	1	1
khuu uoc	1	1
khuu van buom	1	1
khuu van hay	1	1
khuu van huy em	1	1
khuu van min	1	1
khuu van thao	1	1
khuu van thien	1	1
khuu van tri	1	1
khuu van vu	1	1
khuu vi hai	1	1
khuu vi hien	1	1
khuu vi van	1	1
khuu xuoi yen	1	1
khuu yen phuong tu	1	1
khuy tang	1	1
khuy vu	1	1
khuyen bui	1	1
khuyen dang	1	1
khuyen dinh	1	1
khuyen do	1	1
khuyen doan	1	1
khuyen duong	1	1
khuyen ha	1	1
khuyen huynh	1	3
khuyen kieu	1	1
khuyen le	1	1
khuyen le quynh	1	1
khuyen luong	1	1
khuyen ly	1	1
khuyen nguyen	1	2
khuyen nguyen thi	1	2
khuyen nguyen thi bao	1	1
khuyen parks	1	1
khuyen payne	1	1
khuyen pham	1	1
khuyen phan	1	1
khuyen phi thi thu	1	1
khuyen quinn tran	1	1
khuyen tran	1	3
khuyen tran rt r m	1	1
khuyen tuong	1	1
khuyen vanh	1	2
khuyen vo	1	1
khuyen vu	1	1
khuynh kim	1	1
khuynh le	1	1
khuynh tran	1	1
khuynh vu duc	1	1
ki la con	1	1
ki tu dac biet	1	1
kiem cao	1	1
kiem dang	1	1
kiem dang hoang tuan	1	1
kiem dao tien dat	1	1
kiem diep	1	1
kiem dinh	1	1
kiem han	1	1
kiem ho	1	1
kiem lam	1	2
kiem le	1	1
kiem ngoc thanh	1	1
kiem nguyen	1	1
kiem ong	1	1
kiem phong vo	1	1
kiem phuong thai	1	1
kiem soat vien	1	1
kiem thi hoang oanh	1	1
kiem ton that	1	1
kiem tran	1	1
kiem trinh	1	1
kiem truong	1	1
kiem truong van	1	1
kiem tuong luu	1	1
kien	1	1
kien bao vinh	1	1
kien bui	1	1
kien coi	1	1
kien dang	1	1
kien dao	1	1
kien diep	1	1
kien diep nghe	1	1
kien diep thanh	1	1
kien duong	1	2
kien dv	1	1
kien ha	1	2
kien ha giang	1	1
kien hanh dung	1	1
kien hao tiet	1	1
kien hoai nhan	1	1
kien hua	1	1
kien khuu duong	1	1
kien kim tuan	1	1
kien lam	1	1
kien le	1	1
kien le thanh nha	1	1
kien minh hung	1	2
kien minh huy	1	1
kien minh tri	1	1
kien ngoc bao chi	1	1
kien ngoc minh chau	1	1
kien ngoc nhu quynh	1	1
kien nguyen	1	2
kien nguyen trung hieu	1	1
kien nhat thao	1	1
kien p	1	1
kien pham	1	1
kien sa ray mon tha	1	1
kien soc kha	1	1
kien tam	1	1
kien tan hieu	1	1
kien tat	1	1
kien thanh ty	1	1
kien thi bich chau	1	1
kien thi ngoc hoanh	1	1
kien thi phuong	1	1
kien thi thanh truc	1	1
kien thi tu tu	1	1
kien thi yen nhi	1	1
kien thiet	1	1
kien to	1	1
kien tran	1	1
kien trinh	1	1
kien truong	1	1
kieng do	1	1
kieng hoai mong trinh	1	1
kieng tan	1	1
kieng thi mo	1	1
kieng ung	1	1
kiep phan thi	1	1
kiet	1	2
kiet banh	1	1
kiet cao	1	1
kiet do	1	1
kiet duong	1	2
kiet hua	1	1
kiet huynh	1	1
kiet le	1	1
kiet lu	1	1
kiet luong	1	1
kiet luu	1	1
kiet ly	1	3
kiet mao	1	1
kiet ngo	1	1
kiet nguyen	1	1
kiet pham	1	1
kiet phan	1	1
kiet phung	1	1
kiet t luong	1	1
kiet ta	1	1
kiet thai	1	1
kiet the	1	1
kiet the truong	1	1
kiet to	1	1
kiet tran	1	3
kiet trieu	1	1
kiet truong	1	1
kiet tuong tran	1	1
kiet v vo	1	1
kiet vo	1	1
kiet vuong	1	1
kieu anh	1	4
kieu anh bac	1	1
kieu anh duc	1	1
kieu anh duong	1	1
kieu anh hong	1	1
kieu anh huy	1	1
kieu anh khoi	1	1
kieu anh kiet	1	1
kieu anh king	1	1
kieu anh ly	1	1
kieu anh phuong	1	1
kieu anh quan	1	3
kieu anh son	1	2
kieu anh thu	1	5
kieu anh trung	1	1
kieu anh truong	1	1
kieu anh tu	1	1
kieu anh tuan	1	5
kieu anh vu	1	3
kieu ba dinh	1	1
kieu ba mau	1	1
kieu ba minh	1	1
kieu ba phuoc	1	1
kieu ba tuan	1	2
kieu ba vuong	1	1
kieu bach	1	1
kieu bach thuan	1	1
kieu bach tuan	1	1
kieu bao	1	1
kieu bao long	1	1
kieu bao ngoc	1	2
kieu bao tran	1	1
kieu bao trang	1	1
kieu bao van	1	1
kieu bao viet	1	1
kieu bao yen	1	1
kieu bich hang	1	1
kieu bich huong	1	1
kieu bich huyen	1	1
kieu bich loan	1	1
kieu bich phuong	1	2
kieu binh bao chau	1	1
kieu binh hiep	1	1
kieu binh som	1	1
kieu bon	1	2
kieu bui	1	1
kieu bui tran	1	1
kieu cam tu	1	1
kieu canh dinh	1	1
kieu cao bach	1	1
kieu cao con	1	1
kieu cao cong	1	1
kieu cao duc	1	2
kieu cao hoi	1	1
kieu cao hon	1	1
kieu cao huynh	1	1
kieu cao khang	1	1
kieu cao khoa	1	1
kieu cao linh	1	1
kieu cao long	1	1
kieu cao manh	1	1
kieu cao son	1	2
kieu cao thang	1	1
kieu cao the lam	1	1
kieu cao trong	1	1
kieu cao vinh	1	1
kieu cao vu	1	1
kieu chau tuan ngoc	1	1
kieu chi cong	1	3
kieu chi dung	1	1
kieu chi hien	1	1
kieu chi linh	1	1
kieu chi nhan	1	1
kieu chi tai	1	1
kieu chi thanh	1	1
kieu chi tinh	1	1
kieu chinh	1	1
kieu chon lua	1	1
kieu cong binh	1	1
kieu cong cuong	1	2
kieu cong danh	1	1
kieu cong hoang anh	1	1
kieu cong huy	1	1
kieu cong khanh	1	3
kieu cong long	1	1
kieu cong minh	1	3
kieu cong nge	1	1
kieu cong tam	1	1
kieu cong thanh	1	2
kieu cong thao	1	1
kieu cuong	1	1
kieu dai bang	1	1
kieu dai duong	1	2
kieu dai hiep	1	1
kieu dai long	1	1
kieu dang duong	1	1
kieu dang hieu	1	1
kieu dang khoa	1	2
kieu dang minh	1	1
kieu dang minh ngoc	1	1
kieu dang nam	1	1
kieu dang quang	1	1
kieu dang thanh	1	1
kieu dang tien	1	1
kieu danh mai thao	1	1
kieu danh nhan	1	1
kieu diem chi	1	2
kieu diem hong	1	1
kieu diem huong	1	1
kieu diem my	1	2
kieu diem niem vui	1	1
kieu diem quynh	1	1
kieu diem thuy linh	1	1
kieu diep phuong quynh	1	1
kieu dieu linh	1	2
kieu dinh an	1	1
kieu dinh cong	1	1
kieu dinh dat	1	1
kieu dinh duc	1	1
kieu dinh duong	1	1
kieu dinh duy	1	1
kieu dinh giang	1	1
kieu dinh hai	1	1
kieu dinh hieu	1	1
kieu dinh huan	1	1
kieu dinh khuong	1	2
kieu dinh kiem	1	1
kieu dinh long	1	1
kieu dinh luc	1	1
kieu dinh ngoc	1	2
kieu dinh nhat	1	1
kieu dinh phuc	1	1
kieu dinh phuoc	1	1
kieu dinh quan	1	1
kieu dinh quang	1	1
kieu dinh tao	1	1
kieu dinh tho	1	2
kieu dinh thong	1	2
kieu dinh thuy	1	1
kieu dinh tien	1	1
kieu dinh toan	1	1
kieu dinh tuyen	1	1
kieu dinh viet	1	1
kieu do	1	1
kieu do dac khoa	1	1
kieu doan	1	1
kieu doan dang	1	1
kieu doan dung	1	1
kieu doan giap	1	1
kieu doan ha	1	1
kieu doan huy	1	2
kieu doan lap	1	1
kieu doan nhuong	1	1
kieu doan thuat	1	1
kieu doan tien	1	1
kieu dong khue	1	1
kieu dong thanh	1	1
kieu duc anh	1	2
kieu duc anh tu	1	1
kieu duc bao	1	1
kieu duc chien	1	1
kieu duc chuong	1	1
kieu duc cuong	1	1
kieu duc dung	1	3
kieu duc duy	1	1
kieu duc hoang duong	1	1
kieu duc hung	1	1
kieu duc huy	1	1
kieu duc khanh	1	1
kieu duc khue	1	1
kieu duc khuong	1	1
kieu duc kien	1	1
kieu duc long	1	1
kieu duc luong	1	2
kieu duc manh	1	2
kieu duc minh	1	2
kieu duc nam	1	2
kieu duc nghia	1	1
kieu duc nguyen	1	1
kieu duc phat	1	1
kieu duc quy	1	1
kieu duc suong	1	1
kieu duc thang	1	4
kieu duc thinh	1	2
kieu duc thuan	1	1
kieu duc tien	1	1
kieu duc trung anh	1	1
kieu duc tu	1	1
kieu duc viet anh	1	1
kieu duc vu	1	2
kieu duy cuong	1	1
kieu duy dat	1	1
kieu duy duc phong	1	1
kieu duy dung	1	1
kieu duy duong	1	1
kieu duy ha	1	1
kieu duy hoc	1	1
kieu duy khanh	1	1
kieu duy khoat	1	1
kieu duy nam	1	1
kieu duy phuc	1	1
kieu duy quan	1	1
kieu duy quyen	1	1
kieu duy tan	1	1
kieu duy thanh	1	1
kieu duy ton	1	1
kieu duy trinh	1	1
kieu duy truong	1	1
kieu duy tu	1	1
kieu duy tung	1	1
kieu duy tuyen	1	1
kieu duy xuan	1	1
kieu duyen nguyen	1	1
kieu gia bach	1	1
kieu gia bao	1	1
kieu gia han	1	1
kieu gia luong	1	1
kieu gia minh	1	1
kieu ha anh	1	1
kieu ha chau	1	1
kieu ha minh quang	1	1
kieu ha my	1	1
kieu ha nhi	1	1
kieu ha phuong	1	2
kieu ha thanh	1	1
kieu ha tuyen	1	1
kieu hai an	1	2
kieu hai anh	1	1
kieu hai kien	1	1
kieu hai long	1	1
kieu hai trieu	1	1
kieu hai yen	1	2
kieu hang ngan	1	1
kieu hanh ngan	1	1
kieu hanh nhu	1	1
kieu hanh phuong	1	1
kieu hen ry	1	1
kieu hien diu	1	1
kieu hien vinh	1	1
kieu hieu trung	1	1
kieu hoa my	1	1
kieu hoai nam	1	1
kieu hoan my	1	1
kieu hoang	1	2
kieu hoang anh	1	2
kieu hoang cong	1	1
kieu hoang duc	1	1
kieu hoang duy	1	1
kieu hoang giang	1	1
kieu hoang hai trang	1	1
kieu hoang hiep	1	1
kieu hoang huy	1	1
kieu hoang kien	1	1
kieu hoang long	1	1
kieu hoang mai khanh	1	2
kieu hoang minh	1	1
kieu hoang my	1	1
kieu hoang nghiep	1	1
kieu hoang phan	1	1
kieu hoang thanh	1	1
kieu hoang trong manh	1	1
kieu hoang trung	1	1
kieu hoang vuong	1	2
kieu hong anh	1	2
kieu hong chau bang	1	1
kieu hong hanh	1	1
kieu hong huy	1	2
kieu hong khang	1	1
kieu hong kien	1	1
kieu hong lien	1	1
kieu hong loan	1	1
kieu hong ngoc	1	1
kieu hong nhung	1	2
kieu hong phuong	1	1
kieu hong son	1	1
kieu hong thang	1	1
kieu hong thuong	1	1
kieu hong thuy	1	1
kieu hong trang	1	1
kieu hong truong	1	1
kieu hong uyen	1	1
kieu hua	1	1
kieu hue anh	1	1
kieu hung	1	2
kieu huong giang	1	3
kieu huong linh	1	1
kieu huong ly	1	1
kieu huong quynh	1	1
kieu huong tu	1	1
kieu huu chien	1	1
kieu huu dung	1	1
kieu huu phan	1	1
kieu huu thu	1	1
kieu huu trung	1	1
kieu huy diep	1	1
kieu huy giang	1	2
kieu huy hoang	1	2
kieu huy thang	1	1
kieu huy tuan	1	1
kieu huyen long	1	1
kieu huyen phuong	1	2
kieu huyen thanh	1	1
kieu huyen thao	1	1
kieu huyen trang	1	3
kieu huynh	1	1
kieu huynh tham van nhi	1	1
kieu huynh vy	1	1
kieu ka te	1	1
kieu kate	1	1
kieu khac tan	1	2
kieu khanh an	1	2
kieu khanh linh	1	5
kieu khanh van	1	1
kieu khanh vy	1	1
kieu khoa	1	1
kieu kim cuong	1	1
kieu kim ha	1	1
kieu kim khanh	1	2
kieu kim long	1	1
kieu kim ngan	1	1
kieu kim oanh	1	1
kieu kim son	1	1
kieu kim trang	1	1
kieu kim tuyen	1	1
kieu kim yen	1	1
kieu lam	1	1
kieu lan anh	1	1
kieu lan huong	1	1
kieu lan nhi	1	2
kieu lan phuong	1	2
kieu le	1	1
kieu le bao duy	1	1
kieu le duy	1	1
kieu le hai	1	1
kieu le hairston	1	1
kieu le hue	1	1
kieu le kim nhan	1	1
kieu le ngoc kim	1	1
kieu le quyen	1	1
kieu le quynh mai	1	1
kieu le thanh thanh	1	1
kieu le thanh uyen	1	1
kieu le viet anh	1	1
kieu le yen nhi	1	1
kieu linh	1	1
kieu long nhat	1	1
kieu long vu	1	1
kieu luc son	1	1
kieu luong	1	1
kieu mai	1	1
kieu mai an	1	1
kieu mai anh	1	3
kieu mai ha	1	1
kieu mai lanh	1	1
kieu mai linh	1	1
kieu mai loan	1	1
kieu mai nhi	1	1
kieu mai oanh	1	1
kieu mai phuong	1	1
kieu mai thanh	1	1
kieu mai thanh tuyen	1	1
kieu mai trang	1	1
kieu man huyen	1	1
kieu man van	1	1
kieu manh cuong	1	2
kieu manh dung	1	1
kieu manh hieu	1	2
kieu manh hung	1	2
kieu manh linh	1	2
kieu manh quan	1	2
kieu manh quang	1	1
kieu manh tan	1	1
kieu manh thang	1	1
kieu manh thoan	1	1
kieu manh tien	1	1
kieu manh toan	1	1
kieu manh tu	1	1
kieu manh tuan	1	1
kieu minh an	1	1
kieu minh anh	1	1
kieu minh chau	1	1
kieu minh chien	1	1
kieu minh dan	1	1
kieu minh dat	1	1
kieu minh duc	1	3
kieu minh dung	1	1
kieu minh duy	1	1
kieu minh giang	1	1
kieu minh ha	1	1
kieu minh hai	1	1
kieu minh hang	1	1
kieu minh hieu	1	4
kieu minh hoang	1	1
kieu minh hong	1	1
kieu minh huyen	1	1
kieu minh khanh	1	1
kieu minh khoi	1	1
kieu minh luyen	1	1
kieu minh ngoc	1	1
kieu minh nguyet	1	2
kieu minh nha	1	1
kieu minh nhat	1	1
kieu minh phu	1	1
kieu minh phuc	1	1
kieu minh phung	1	1
kieu minh phuong	1	1
kieu minh quan	1	4
kieu minh quang	1	3
kieu minh son	1	2
kieu minh tam	1	1
kieu minh tan	1	2
kieu minh thao	1	1
kieu minh the thach	1	1
kieu minh thuong	1	1
kieu minh thuyet	1	1
kieu minh trang	1	2
kieu minh tri	1	2
kieu minh tu	1	3
kieu minh tuan	1	2
kieu my	1	1
kieu my duyen	1	2
kieu my hanh	1	1
kieu my huynh	1	1
kieu my nhung	1	1
kieu my tam	1	2
kieu my uyen	1	1
kieu nam	1	1
kieu nam hoang	1	1
kieu ngan ha	1	1
kieu nghia la	1	1
kieu ngoc anh	1	8
kieu ngoc binh	1	1
kieu ngoc chau	1	1
kieu ngoc dien	1	1
kieu ngoc dung	1	2
kieu ngoc ha	1	2
kieu ngoc hai	1	1
kieu ngoc hieu	1	1
kieu ngoc huyen	1	1
kieu ngoc ky uyen	1	1
kieu ngoc lan	1	1
kieu ngoc long	1	2
kieu ngoc lung	1	1
kieu ngoc mai	1	1
kieu ngoc minh	1	1
kieu ngoc minh chau	1	1
kieu ngoc oanh	1	1
kieu ngoc phuong chi	1	1
kieu ngoc phuong nguyen	1	1
kieu ngoc quyet	1	1
kieu ngoc quynh giao	1	1
kieu ngoc son	1	1
kieu ngoc thanh	1	1
kieu ngoc thanh truc	1	1
kieu ngoc thao	1	2
kieu ngoc tho	1	1
kieu ngoc thuy duong	1	1
kieu ngoc tinh	1	1
kieu ngoc tu	1	2
kieu ngoc tung	1	1
kieu ngoc yen linh	1	1
kieu nguyen	1	2
kieu nguyen bao nhi	1	1
kieu nguyen hai dang	1	1
kieu nguyen hung	1	1
kieu nguyen lan phuong	1	1
kieu nguyen minh duong	1	1
kieu nguyen minh son	1	1
kieu nguyen ngoc hung	1	1
kieu nguyen phuong ha	1	1
kieu nguyen thien thao	1	3
kieu nguyen truong ca	1	1
kieu nguyen yen thu	1	1
kieu nguyet ha	1	1
kieu nguyet phuong dung	1	1
kieu nhan hau	1	1
kieu nhat duy	1	1
kieu nhat long	1	2
kieu nhat quynh	1	1
kieu nhat truong	1	1
kieu nhi	1	1
kieu nhi thao	1	1
kieu nhon	1	1
kieu nhu dung	1	1
kieu nhu luc	1	2
kieu nhu ngoc	1	2
kieu nhu quynh	1	3
kieu nhu tri	1	1
kieu nhu y	1	2
kieu nhut nam	1	1
kieu nu cam duyen	1	1
kieu nu minh chu	1	1
kieu nu thien my	1	1
kieu oanh	1	3
kieu oanh carter	1	1
kieu on	1	1
kieu pham	1	1
kieu pham kim ngan	1	1
kieu pham minh tam	1	1
kieu pham thu hien	1	1
kieu pham thu phuong	1	1
kieu pham tm	1	1
kieu pham xuan anh	1	1
kieu phan	1	1
kieu phan duy tan	1	1
kieu phi nhung	1	1
kieu phong	1	3
kieu phuc huy	1	1
kieu phuc nhien	1	1
kieu phuoc hoa	1	1
kieu phuoc tho	1	2
kieu phuong	1	2
kieu phuong anh	1	5
kieu phuong bao khanh	1	1
kieu phuong binh	1	1
kieu phuong hoang	1	1
kieu phuong lan	1	1
kieu phuong linh	1	2
kieu phuong loan	1	1
kieu phuong ly	1	1
kieu phuong nam	1	1
kieu phuong nga	1	1
kieu phuong ngan	1	1
kieu phuong ngoc	1	2
kieu phuong quynh	1	2
kieu phuong tham	1	1
kieu phuong thao	1	3
kieu phuong thuy	1	2
kieu phuong to	1	1
kieu phuong trang	1	2
kieu phuong tu	1	1
kieu phuong uyen	1	1
kieu quang anh	1	2
kieu quang chien	1	3
kieu quang dai	1	2
kieu quang dao	1	1
kieu quang dat	1	1
kieu quang duc	1	1
kieu quang dung	1	1
kieu quang hai	1	2
kieu quang hung	1	2
kieu quang huong	1	1
kieu quang huy	1	2
kieu quang khai	1	2
kieu quang khanh	1	2
kieu quang linh	1	2
kieu quang loi	1	1
kieu quang luong	1	1
kieu quang minh	1	3
kieu quang phong	1	1
kieu quang phuc	1	1
kieu quang son	1	1
kieu quang thang	1	2
kieu quang thanh	1	2
kieu quang thien	1	1
kieu quang thuyet	1	1
kieu quang trung	1	2
kieu quang tuan	1	1
kieu quang viet	1	1
kieu quang vinh	1	1
kieu quoc ai	1	1
kieu quoc anh	1	3
kieu quoc bao	1	2
kieu quoc binh	1	1
kieu quoc cuong	1	1
kieu quoc dai	1	1
kieu quoc dat	1	2
kieu quoc hoan	1	1
kieu quoc huy	1	1
kieu quoc khanh	1	1
kieu quoc lich	1	1
kieu quoc ngoc	1	1
kieu quoc phong	1	1
kieu quoc tai	1	1
kieu quoc than	1	1
kieu quoc trung	1	1
kieu quoc tuan	1	1
kieu quoc tuong	1	1
kieu quoc vinh	1	1
kieu quy canh	1	2
kieu quyet thang	1	1
kieu quynh anh	1	1
kieu quynh trang	1	1
kieu son tung	1	1
kieu ta	1	1
kieu tan	1	1
kieu tan dat	1	1
kieu tan di	1	1
kieu tan duc	1	1
kieu tan khang	1	1
kieu tan phuc	1	1
kieu tan thanh	1	1
kieu thai an	1	1
kieu thai bao	1	1
kieu thai duong	1	1
kieu thai hai	1	1
kieu thai loi	1	1
kieu thai quang	1	2
kieu thai son	1	2
kieu thai thien anh	1	1
kieu thanh anh	1	1
kieu thanh binh	1	1
kieu thanh chung	1	1
kieu thanh danh	1	1
kieu thanh dat	1	1
kieu thanh duong	1	1
kieu thanh duy	1	1
kieu thanh ha	1	2
kieu thanh hai	1	2
kieu thanh hang	1	2
kieu thanh hoang	1	2
kieu thanh hung	1	1
kieu thanh huyen	1	1
kieu thanh kien	1	1
kieu thanh long	1	2
kieu thanh minh	1	1
kieu thanh nam	1	3
kieu thanh ngan	1	1
kieu thanh nghi	1	1
kieu thanh ngoc	1	1
kieu thanh nhan	1	1
kieu thanh nhi	1	1
kieu thanh nhung	1	1
kieu thanh phong	1	3
kieu thanh son	1	2
kieu thanh tam	1	2
kieu thanh thanh	1	1
kieu thanh thao	1	2
kieu thanh thinh	1	1
kieu thanh trung	1	2
kieu thanh tu	1	2
kieu thanh tung	1	1
kieu thanh van	1	3
kieu thanh xuan	1	1
kieu thao anh	1	1
kieu thao linh	1	1
kieu thao ly	1	2
kieu thao nguyen	1	2
kieu thao oanh	1	1
kieu thao vi	1	2
kieu the duc	1	1
kieu the hoa	1	1
kieu the hung	1	2
kieu the manh	1	1
kieu the nam	1	1
kieu the quang	1	1
kieu the son	1	1
kieu the trinh	1	1
kieu the truong	1	1
kieu the vinh	1	2
kieu thi anh	1	2
kieu thi anh chuc	1	1
kieu thi anh hong	1	1
kieu thi anh huyen	1	1
kieu thi anh le	1	1
kieu thi anh nga	1	1
kieu thi anh thi	1	1
kieu thi anh thu	1	1
kieu thi anh tuyet	1	1
kieu thi bai	1	1
kieu thi bang	1	1
kieu thi bich hang	1	1
kieu thi bich hoi	1	1
kieu thi bich hong	1	1
kieu thi bich nguyet	1	1
kieu thi bich phuong	1	1
kieu thi cam anh	1	1
kieu thi cam hang	1	1
kieu thi chi	1	1
kieu thi chinh	1	1
kieu thi chung	1	1
kieu thi dep	1	1
kieu thi diem hien	1	1
kieu thi diem quynh	1	1
kieu thi diep ngan	1	3
kieu thi dieu	1	2
kieu thi dieu linh	1	2
kieu thi dieu thuy	1	1
kieu thi dung	1	2
kieu thi duong	1	1
kieu thi duyen	1	2
kieu thi giang	1	2
kieu thi giang oanh	1	1
kieu thi ha	1	2
kieu thi hai	1	2
kieu thi hai nhu	1	1
kieu thi hai van	1	2
kieu thi hai yen	1	3
kieu thi han	1	1
kieu thi hang	1	2
kieu thi hanh	1	2
kieu thi hanh nguyen	1	1
kieu thi hao	1	1
kieu thi hau	1	1
kieu thi hien	1	4
kieu thi hien luong	1	1
kieu thi hoa	1	1
kieu thi hoai	1	1
kieu thi hoai ngoc	1	1
kieu thi hoang ha	1	1
kieu thi hoang yen	1	1
kieu thi hong	1	1
kieu thi hong anh	1	1
kieu thi hong bich	1	1
kieu thi hong diep	1	1
kieu thi hong hanh	1	1
kieu thi hong hoa	1	1
kieu thi hong linh	1	1
kieu thi hong ngoc	1	1
kieu thi hong nhung	1	2
kieu thi hong tham	1	2
kieu thi hong thom	1	1
kieu thi hue	1	2
kieu thi huong	1	7
kieu thi huong giang	1	1
kieu thi huong ly	1	1
kieu thi huong mai	1	1
kieu thi huyen	1	5
kieu thi huyen trang	1	3
kieu thi khanh hoan	1	1
kieu thi kim anh	1	2
kieu thi kim chi	1	2
kieu thi kim dung	1	1
kieu thi kim giang	1	1
kieu thi kim lan	1	1
kieu thi kim ngan	1	3
kieu thi kim oanh	1	2
kieu thi kim phuong	1	1
kieu thi kim sa	1	1
kieu thi kim thanh	1	1
kieu thi kim thoa	1	1
kieu thi kim tuyen	1	1
kieu thi kim xuyen	1	1
kieu thi lan	1	2
kieu thi lan anh	1	2
kieu thi lan phuong	1	2
kieu thi le	1	3
kieu thi lien	1	3
kieu thi linh	1	3
kieu thi linh giang	1	1
kieu thi linh linh	1	2
kieu thi linh trang	1	1
kieu thi loan	1	2
kieu thi loan phuong	1	1
kieu thi loc quyen	1	1
kieu thi luu	1	1
kieu thi ly	1	2
kieu thi mai	1	1
kieu thi mai anh	1	2
kieu thi mai ca	1	1
kieu thi mai chi	1	1
kieu thi mai huong	1	1
kieu thi mai linh	1	1
kieu thi mai nhi	1	1
kieu thi mai quynh	1	1
kieu thi mai thi	1	1
kieu thi mao	1	1
kieu thi minh anh	1	3
kieu thi minh chau	1	1
kieu thi minh hue	1	1
kieu thi minh lien	1	1
kieu thi minh ly	1	1
kieu thi minh ngoc	1	1
kieu thi minh phuong	1	3
kieu thi minh tam	1	1
kieu thi minh thu	1	1
kieu thi minh trang	1	1
kieu thi my	1	1
kieu thi my dung	1	1
kieu thi my hanh	1	1
kieu thi my le	1	1
kieu thi my linh	1	3
kieu thi na	1	1
kieu thi nam	1	1
kieu thi nga	1	1
kieu thi ngan	1	1
kieu thi ngoan	1	1
kieu thi ngoc	1	1
kieu thi ngoc anh	1	3
kieu thi ngoc bich	1	1
kieu thi ngoc duc	1	1
kieu thi ngoc ha	1	1
kieu thi ngoc han	1	1
kieu thi ngoc linh	1	2
kieu thi ngoc uyen	1	1
kieu thi nguyen	1	2
kieu thi nguyet	1	1
kieu thi nham	1	1
kieu thi nhat le	1	1
kieu thi nhu	1	1
kieu thi nhu kieu	1	1
kieu thi nhu mo	1	1
kieu thi nhu quynh	1	3
kieu thi nhu thao	1	1
kieu thi nhu thuy	1	1
kieu thi nhung	1	1
kieu thi oanh	1	2
kieu thi phuong	1	4
kieu thi phuong hoa	1	1
kieu thi phuong lan	1	1
kieu thi phuong mai	1	1
kieu thi phuong nhan	1	1
kieu thi phuong nhi	1	2
kieu thi phuong nhung	1	3
kieu thi phuong thanh	1	1
kieu thi phuong thao	1	5
kieu thi phuong thu	1	1
kieu thi phuong trang	1	2
kieu thi phuong trinh	1	1
kieu thi quan	1	1
kieu thi que anh	1	1
kieu thi quyen	1	2
kieu thi quynh	1	3
kieu thi quynh nga	1	2
kieu thi quynh trang	1	1
kieu thi son	1	1
kieu thi tan	1	1
kieu thi tham	1	1
kieu thi thanh	1	2
kieu thi thanh binh	1	1
kieu thi thanh dung	1	1
kieu thi thanh ha	1	2
kieu thi thanh hang	1	3
kieu thi thanh hoa	1	2
kieu thi thanh hue	1	1
kieu thi thanh huyen	1	1
kieu thi thanh lan	1	2
kieu thi thanh lieu	1	1
kieu thi thanh nhan	1	1
kieu thi thanh tam	1	2
kieu thi thanh thao	1	1
kieu thi thanh thuy	1	1
kieu thi thanh tra	1	1
kieu thi thanh truc	1	2
kieu thi thanh tuyen	1	1
kieu thi thanh van	1	1
kieu thi thanh xuan	1	1
kieu thi thao	1	2
kieu thi thao ngan	1	1
kieu thi thao nguyen	1	1
kieu thi thao yen	1	1
kieu thi the	1	1
kieu thi thom	1	3
kieu thi thu	1	3
kieu thi thu diem	1	1
kieu thi thu giang	1	1
kieu thi thu ha	1	3
kieu thi thu hang	1	3
kieu thi thu hien	1	2
kieu thi thu hoai	1	1
kieu thi thu hue	1	1
kieu thi thu huong	1	4
kieu thi thu huyen	1	1
kieu thi thu loan	1	1
kieu thi thu nguyet	1	1
kieu thi thu phuong	1	1
kieu thi thu thanh	1	1
kieu thi thu thao	1	3
kieu thi thu thuong	1	1
kieu thi thu thuy	1	1
kieu thi thu tra	1	1
kieu thi thu trang	1	2
kieu thi thu van	1	1
kieu thi thuan	1	1
kieu thi thuong	1	1
kieu thi thuy	1	10
kieu thi thuy an	1	1
kieu thi thuy dung	1	1
kieu thi thuy ha	1	1
kieu thi thuy hang	1	3
kieu thi thuy hien	1	1
kieu thi thuy linh	1	2
kieu thi thuy luong	1	1
kieu thi thuy nga	1	2
kieu thi thuy phuong	1	1
kieu thi thuy quynh	1	1
kieu thi thuy tien	1	1
kieu thi thuy trang	1	4
kieu thi tinh	1	1
kieu thi to quyen	1	1
kieu thi to uyen	1	1
kieu thi ton	1	1
kieu thi tra giang	1	2
kieu thi tra mi	1	1
kieu thi tra my	1	2
kieu thi trang	1	3
kieu thi trang nhung	1	1
kieu thi trieu	1	1
kieu thi truc linh	1	1
kieu thi tu	1	1
kieu thi tu anh	1	1
kieu thi tu uyen	1	1
kieu thi tuoi	1	1
kieu thi tuy	1	1
kieu thi tuyen	1	1
kieu thi tuyet	1	2
kieu thi tuyet hanh	1	1
kieu thi tuyet mai	1	1
kieu thi tuyet ngan	1	1
kieu thi tuyet nhung	1	1
kieu thi uyen	1	2
kieu thi van anh	1	2
kieu thi vien	1	1
kieu thi xe	1	1
kieu thi xuan	1	1
kieu thi xuan sang	1	1
kieu thi yen	1	4
kieu thi yen nhi	1	1
kieu thien	1	1
kieu thien an	1	1
kieu thien anh	1	1
kieu thien nguyen	1	1
kieu thien vy	1	1
kieu thu an	1	2
kieu thu giang	1	1
kieu thu ha	1	3
kieu thu hang	1	3
kieu thu hien	1	1
kieu thu huong	1	1
kieu thu huyen	1	2
kieu thu phuong	1	2
kieu thu thao	1	2
kieu thu thuy	1	4
kieu thu tra	1	1
kieu thu trang	1	4
kieu thu van	1	1
kieu thuy anh	1	1
kieu thuy dung	1	1
kieu thuy duong	1	1
kieu thuy giang	1	1
kieu thuy ha	1	2
kieu thuy han	1	1
kieu thuy hang	1	2
kieu thuy hong van	1	1
kieu thuy lieu	1	1
kieu thuy linh	1	3
kieu thuy loan	1	1
kieu thuy phuong	1	1
kieu thuy quynh	1	1
kieu thuy trang	1	2
kieu tien chuc	1	1
kieu tien chung	1	1
kieu tien dat	1	2
kieu tien deng	1	2
kieu tien du	1	1
kieu tien dung	1	1
kieu tien hiep	1	1
kieu tien hoan	1	1
kieu tien hop	1	1
kieu tien lan	1	1
kieu tien manh	1	1
kieu tien tam	1	1
kieu tien tan	1	1
kieu tien thanh	1	1
kieu tien tu	1	1
kieu to huyen	1	1
kieu tra mi	1	1
kieu tra my	1	1
kieu tram	1	1
kieu tran dung	1	1
kieu tran nhu	1	1
kieu tran tuan phong	1	1
kieu trang	1	1
kieu trang an	1	1
kieu trang hai	1	1
kieu trang hoa	1	1
kieu trang nguyen	1	1
kieu trang pham	1	1
kieu trang thanh	1	2
kieu tri duc	1	1
kieu tri dung	1	1
kieu tri linh	1	1
kieu tri quyen	1	1
kieu tri tan	1	1
kieu tri thanh	1	1
kieu tri toan	1	1
kieu trinh	1	3
kieu trinh kt phan	1	1
kieu trinh le thi	1	1
kieu trinh trung	1	1
kieu trinh van anh	1	1
kieu trinh vu	1	1
kieu trong loc	1	1
kieu trong manh	1	1
kieu trong minh	1	1
kieu trong nhan	1	1
kieu trong phuc	1	1
kieu trong qui	1	1
kieu trong tuyen	1	1
kieu truc quynh	1	1
kieu truc tung	1	1
kieu trung	1	1
kieu trung duc	1	1
kieu trung hieu	1	3
kieu trung kien	1	2
kieu trung nguyen	1	1
kieu trung phong	1	1
kieu trung thanh	1	1
kieu trung tuyen	1	1
kieu trung van	1	1
kieu truong	1	1
kieu truong giang	1	1
kieu tu anh	1	1
kieu tu giang	1	1
kieu tu tam	1	1
kieu tuan anh	1	4
kieu tuan cuong	1	1
kieu tuan duc	1	1
kieu tuan hai	1	1
kieu tuan hung	1	2
kieu tuan huy hoang	1	1
kieu tuan khai	1	1
kieu tuan kien	1	1
kieu tuan minh	1	1
kieu tuan phuong	1	1
kieu tuan tu	1	1
kieu tuan vu	1	1
kieu tung	1	2
kieu tung anh	1	1
kieu tung lam	1	1
kieu tuong vi	1	1
kieu van anh	1	2
kieu van bang	1	1
kieu van bay	1	1
kieu van bien	1	1
kieu van can	1	1
kieu van canh	1	1
kieu van cau	1	1
kieu van chinh	1	1
kieu van chung	1	2
kieu van chuong	1	2
kieu van cong	1	2
kieu van cuong	1	2
kieu van dang	1	1
kieu van dao	1	1
kieu van dinh	1	2
kieu van doan	1	2
kieu van doi	1	1
kieu van duc	1	2
kieu van dung	1	4
kieu van duong	1	1
kieu van duy	1	1
kieu van ha	1	1
kieu van hai	1	2
kieu van han	1	1
kieu van hanh	1	2
kieu van hao	1	1
kieu van hau	1	2
kieu van hien	1	2
kieu van hiep	1	1
kieu van hieu	1	2
kieu van hoa	1	1
kieu van hoan	1	1
kieu van hoang	1	1
kieu van huan	1	1
kieu van hung	1	8
kieu van huy	1	3
kieu van huynh	1	1
kieu van kha	1	2
kieu van khai	1	2
kieu van khang	1	2
kieu van khoa	1	1
kieu van khoi	1	1
kieu van kien	1	4
kieu van lan	1	1
kieu van linh	1	1
kieu van loc	1	1
kieu van long	1	1
kieu van luan	1	1
kieu van luc	1	1
kieu van luong	1	1
kieu van luu	1	2
kieu van ly	1	1
kieu van manh	1	3
kieu van minh	1	3
kieu van nam	1	1
kieu van nghia	1	1
kieu van nguyen	1	1
kieu van nhan	1	1
kieu van nhiem	1	1
kieu van nung	1	1
kieu van phat	1	1
kieu van phuc	1	1
kieu van phuoc	1	2
kieu van quan	1	1
kieu van quang	1	3
kieu van quy	1	1
kieu van quyet	1	2
kieu van sinh	1	1
kieu van soan	1	1
kieu van son	1	3
kieu van tai	1	2
kieu van tam	1	2
kieu van tan	1	4
kieu van thai	1	2
kieu van thang	1	3
kieu van thanh	1	5
kieu van thao	1	1
kieu van thien	1	2
kieu van thiet	1	1
kieu van thinh	1	1
kieu van thoai	1	1
kieu van thong	1	3
kieu van thuc	1	1
kieu van thuong	1	1
kieu van tien	1	2
kieu van tinh	1	2
kieu van toan	1	2
kieu van trong	1	1
kieu van trung	1	5
kieu van truong	1	2
kieu van tuan	1	6
kieu van tung	1	2
kieu van tuyen	1	3
kieu van vinh	1	1
kieu van vu	1	1
kieu vi hoa	1	1
kieu vien tat thanh	1	1
kieu vien thanh	1	1
kieu viet an	1	1
kieu viet anh	1	2
kieu viet ba	1	1
kieu viet chung	1	1
kieu viet cong	1	1
kieu viet cuong	1	3
kieu viet duc	1	3
kieu viet dung	1	3
kieu viet hoa	1	1
kieu viet hoang	1	2
kieu viet hoang thanh	1	1
kieu viet hung	1	4
kieu viet long	1	3
kieu viet manh	1	1
kieu viet thang	1	2
kieu viet thong	1	1
kieu viet tien	1	1
kieu viet toan	1	1
kieu viet trinh	1	2
kieu viet trung	1	1
kieu viet truong	1	1
kieu vinh binh	1	1
kieu vinh cuong	1	1
kieu vinh phong	1	1
kieu vu	1	1
kieu vu anh tu	1	1
kieu vu dang huy	1	1
kieu vu hoang anh	1	1
kieu vu hong phuong	1	1
kieu vu linh chi	1	1
kieu vu minh	1	1
kieu vu minh anh	1	1
kieu vu thai ha	1	1
kieu vu thuy linh	1	1
kieu vy anh	1	1
kieu xang	1	1
kieu xuan anh	1	1
kieu xuan can	1	1
kieu xuan chien	1	1
kieu xuan chinh	1	1
kieu xuan dam	1	1
kieu xuan dieu	1	1
kieu xuan duc	1	1
kieu xuan giang	1	1
kieu xuan hai	1	1
kieu xuan hoa	1	2
kieu xuan hoang	1	1
kieu xuan huy	1	1
kieu xuan huynh	1	1
kieu xuan kien	1	1
kieu xuan lan nhi	1	1
kieu xuan loc	1	1
kieu xuan minh	1	1
kieu xuan nguyen	1	1
kieu xuan nha	1	1
kieu xuan phuc	1	3
kieu xuan quang	1	2
kieu xuan quy	1	1
kieu xuan son	1	1
kieu xuan thang	1	2
kieu xuan thinh	1	1
kieu xuan thuc	1	1
kieu xuan thuong	1	1
kieu xuan tien	1	1
kieu xuan toan	1	1
kieu xuan truc quynh	1	1
kieu xuan truong	1	3
kieu xuan tuan	1	1
kieu xuan tung	1	1
kieu xuan vien	1	1
kieu xuan viet	1	1
kieu xuan vinh	1	1
kieu xung	1	1
kieu yen chi	1	2
kieu yen ngoc	1	1
kieu yen nhi	1	1
kim an lam	1	1
kim anh	1	1
kim anh anh	1	2
kim anh do	1	1
kim anh ha	1	1
kim anh loi sara loi	1	1
kim anh luong	1	1
kim anh ly	1	3
kim anh ngoc	1	1
kim anh ngoc truong	1	1
kim anh nhu	1	1
kim anh quan	1	1
kim anh tong	1	1
kim anh truc	1	1
kim anh truong	1	1
kim anh tu	1	1
kim anh tuan	1	1
kim anh viet	1	2
kim bac nguyen nam	1	2
kim bao long	1	1
kim beom jin	1	1
kim bich diep	1	1
kim bich lien	1	1
kim bich ngoc	1	1
kim bich phuong	1	1
kim binh vu	1	2
kim c ly	1	1
kim cang	1	1
kim chan rit thi	1	1
kim chi ha thi	1	1
kim chi ho	1	1
kim chia	1	1
kim chung do	1	1
kim chung ha	1	1
kim cong dung	1	1
kim dach	1	1
kim dai hai	1	1
kim dam	1	3
kim dang	1	1
kim diep	1	1
kim diep thang canh	1	1
kim dieu hang	1	1
kim dieu linh	1	1
kim dieu quang	1	1
kim dinh anh	1	1
kim dinh chien	1	1
kim dinh hau	1	1
kim dinh hop	1	1
kim dinh nen	1	1
kim dinh phu	1	1
kim dinh son	1	1
kim dinh tao	1	1
kim dinh thai	1	1
kim do	1	2
kim do xuan	1	1
kim dong	1	1
kim duc anh	1	2
kim duc cuong	1	1
kim duc dung	1	1
kim duc hieu	1	1
kim duc manh	1	1
kim duc minh	1	1
kim duc ngoc	1	1
kim duc thinh	1	1
kim duc toan	1	1
kim duc trong	1	1
kim ga eun	1	1
kim giang nam	1	1
kim gion	1	1
kim ha anh	1	1
kim hai linh	1	1
kim hai long	1	1
kim hai truong	1	1
kim hau do	1	1
kim hieu thao	1	1
kim ho	1	2
kim hoai thuong	1	1
kim hoang bich nhung	1	1
kim hoang do	1	1
kim hoang ha	1	1
kim hoang huy	1	1
kim hoang ly	1	1
kim hoang minh	1	1
kim hoang thuy tien	1	3
kim hoang trung	1	2
kim hong	1	2
kim hong anh	1	1
kim hong dang	1	1
kim hong do thi	1	1
kim hong hieu	1	1
kim hong ly	1	1
kim hong ngoc	1	2
kim hong nguyen	1	3
kim hong nhung	1	1
kim hong pham	1	1
kim hong phong	1	1
kim hong phuc	1	1
kim hong phuc nguyen	1	2
kim hong tran	1	1
kim hong viet anh	1	1
kim hong yen	1	1
kim hue	1	1
kim huong	1	1
kim huong thao	1	2
kim huyen trang	1	1
kim huynh	1	2
kim khanh duyen	1	1
kim khanh linh	1	2
kim khanh nguyen	1	1
kim khau thi thien	1	1
kim khoi tran	1	1
kim khue c	1	1
kim khuyen recruitment consultant	1	1
kim khuynh	1	1
kim kim anh	1	1
kim kim dinh	1	1
kim kim ngoc	1	1
kim kinh t huynh	1	1
kim lan phuong	1	2
kim lan truong	1	2
kim lang	1	2
kim lanh vy	1	1
kim le	1	2
kim le danh	1	1
kim le thanh ngan	1	1
kim le trung hau	1	1
kim linh	1	1
kim long	1	1
kim long do	1	2
kim long ho	1	1
kim long tran	1	2
kim lune ly	1	1
kim luu	1	1
kim luu linh	1	1
kim luyen	1	1
kim ly	1	8
kim ly huyen	1	1
kim ly huynh	1	1
kim ly nguyen	1	1
kim ly tran meyer	1	1
kim manh tuan	1	1
kim minh cuong	1	1
kim minh dat	1	1
kim minh duc	1	1
kim minh hai	1	1
kim minh hoang	1	1
kim minh ngoc	1	1
kim minh trang	1	1
kim minh tuan	1	2
kim minh viet	1	1
kim my hanh	1	1
kim nam	1	1
kim nam ngo	1	1
kim nam phong	1	2
kim nam son	1	1
kim nam thu	1	1
kim nga	1	1
kim nga linh	1	1
kim ngan	1	3
kim ngan an	1	1
kim ngan ho	1	1
kim ngan tong	1	2
kim nghia	1	1
kim ngoc	1	2
kim ngoc anh	1	2
kim ngoc dan	1	1
kim ngoc dat	1	1
kim ngoc diem quynh	1	1
kim ngoc dinh	1	1
kim ngoc duc	1	2
kim ngoc dung	1	1
kim ngoc duy	1	1
kim ngoc hai	1	1
kim ngoc hoang	1	1
kim ngoc hung	1	2
kim ngoc huyen trang	1	1
kim ngoc khoa	1	2
kim ngoc len	1	1
kim ngoc linh dan	1	2
kim ngoc long	1	1
kim ngoc ly	1	1
kim ngoc minh	1	1
kim ngoc nam	1	1
kim ngoc ngai	1	1
kim ngoc phuc	1	2
kim ngoc quan	1	1
kim ngoc quynh diem	1	1
kim ngoc sinh	1	1
kim ngoc son	1	3
kim ngoc tam	1	2
kim ngoc thach	1	1
kim ngoc thai	1	1
kim ngoc thang	1	1
kim ngoc thao	1	1
kim ngoc thao nguyen	1	2
kim ngoc thinh	1	1
kim ngoc tin	1	2
kim ngoc tung	1	1
kim ngon dao	1	2
kim nguyen	1	2
kim nguyen diep linh	1	1
kim nguyen minh tien	1	1
kim nguyen truong thien	1	1
kim nguyet anh	1	1
kim nguyet hang	1	1
kim nhat an	1	1
kim nhat anh	1	1
kim nhat chi	1	1
kim nhat dat	1	1
kim nhat dong	1	1
kim nhat phuong	1	2
kim nhat tan	1	1
kim nhat thanh	1	5
kim nhut truong	1	1
kim ninh	1	1
kim oanh	1	1
kim oanh ly	1	1
kim pham khanh linh	1	1
kim phat	1	1
kim phene	1	1
kim phuoc	1	1
kim phuoc thanh	1	1
kim phuong	1	1
kim phuong anh	1	1
kim phuong giang	1	1
kim phuong ha	1	1
kim phuong ngan	1	1
kim phuong thao	1	1
kim phuong thu	1	1
kim phuong thuy	1	1
kim phuong trang	1	1
kim phuong truong	1	1
kim phuong vy	1	1
kim quang anh	1	1
kim quang han	1	1
kim quang hue	1	1
kim quang huy	1	1
kim quang minh	1	1
kim quang phat	1	1
kim quang thanh	1	1
kim quoc anh	1	1
kim quoc duy	1	1
kim quy le	1	1
kim quyen ly	1	1
kim quynh anh	1	1
kim quynh ly nguyen	1	1
kim sa quach	1	1
kim sac se	1	1
kim sane	1	1
kim sang	1	3
kim sang chau	1	1
kim sang do	1	1
kim sang huynh	1	1
kim sang nguyen ngoc	1	1
kim sang ong van cung	1	1
kim son cong	1	1
kim su young	1	1
kim t tran	1	1
kim tae yeon	1	1
kim tai tran	1	1
kim tan bien	1	1
kim tan duc	1	1
kim thanh doan	1	1
kim thanh doanh	1	1
kim thanh hai	1	1
kim thanh hien	1	1
kim thanh hieu	1	2
kim thanh hoa	1	1
kim thanh huong	1	1
kim thanh huyen	1	1
kim thanh tai	1	1
kim thanh thi	1	1
kim thanh thuy	1	2
kim thanh tu	1	1
kim thanh tung	1	1
kim thanh vang	1	1
kim thao duyen	1	1
kim thao linh	1	1
kim the anh	1	1
kim thi anh	1	1
kim thi anh ngoc	1	1
kim thi bich thuan	1	1
kim thi binh	1	1
kim thi cam tai	1	1
kim thi chau ngoc	1	1
kim thi chinh	1	1
kim thi chuc ly	1	1
kim thi chuyen	1	1
kim thi cuc	1	1
kim thi da line	1	1
kim thi dao	1	1
kim thi dien	1	1
kim thi dieu dang	1	1
kim thi dieu quy	1	1
kim thi dieu thuy	1	1
kim thi dung	1	3
kim thi duyen	1	2
kim thi ha	1	1
kim thi ha my	1	1
kim thi hai	1	1
kim thi hai anh	1	1
kim thi hai ly	1	1
kim thi hai yen	1	1
kim thi han	1	1
kim thi hang	1	2
kim thi hang nga	1	1
kim thi hanh	1	1
kim thi hanh phuong	1	1
kim thi hien	1	1
kim thi hoa	1	2
kim thi hoai anh	1	1
kim thi hong	1	1
kim thi hong anh	1	1
kim thi hong hanh	1	1
kim thi hong linh	1	1
kim thi hong ngoc	1	1
kim thi hong nhung	1	1
kim thi hong quyen	1	1
kim thi hue	1	2
kim thi hue my	1	1
kim thi huong	1	3
kim thi huyen	1	2
kim thi huyen trang	1	1
kim thi huynh	1	1
kim thi khanh huyen	1	1
kim thi khien	1	1
kim thi lan	1	1
kim thi le dung	1	1
kim thi lien	1	2
kim thi lieu	1	1
kim thi loan	1	1
kim thi mai trang	1	1
kim thi men	1	1
kim thi minh anh	1	2
kim thi minh khue	1	1
kim thi minh thu	1	2
kim thi mo	1	1
kim thi monl	1	1
kim thi my ha	1	1
kim thi my huyen	1	1
kim thi my linh	1	1
kim thi my thu	1	1
kim thi nga	1	1
kim thi ngan	1	1
kim thi ngoc	1	1
kim thi ngoc anh	1	3
kim thi ngoc huyen	1	1
kim thi ngoc linh	1	1
kim thi ngoc ly	1	1
kim thi ngoc mai	1	1
kim thi ngoc nguyen	1	1
kim thi ngoc quynh	1	1
kim thi ngoc tram	1	1
kim thi nguyet	1	1
kim thi nho	1	1
kim thi nhu quynh	1	1
kim thi nhung	1	1
kim thi phim	1	1
kim thi phoi	1	1
kim thi phuong	1	5
kim thi phuong hang	1	1
kim thi phuong hoa	1	1
kim thi phuong tra	1	2
kim thi quynh hoa	1	1
kim thi ruong	1	1
kim thi sa vuone	1	1
kim thi sang	1	1
kim thi sau	1	1
kim thi so ri da	1	1
kim thi so thanh	1	1
kim thi thanh hien	1	1
kim thi thanh hon	1	1
kim thi thanh hue	1	1
kim thi thanh tam	1	1
kim thi thanh thanh	1	1
kim thi thanh thao	1	1
kim thi thanh thu	1	1
kim thi thanh tinh	1	1
kim thi thanh tu	1	1
kim thi thao	1	2
kim thi thao nguyen	1	2
kim thi theng	1	1
kim thi tho	1	1
kim thi thu	1	3
kim thi thu dang	1	1
kim thi thu ha	1	1
kim thi thu hiep	1	1
kim thi thu huyen	1	1
kim thi thu thuy	1	1
kim thi thu trinh	1	1
kim thi thuan	1	1
kim thi thuy	1	2
kim thi thuy anh	1	1
kim thi thuy chung	1	1
kim thi thuy linh	1	2
kim thi thuy nhung	1	1
kim thi thuy quynh	1	1
kim thi tra my	1	1
kim thi trang	1	1
kim thi trinh	1	2
kim thi tuoi	1	1
kim thi tuyen	1	1
kim thi tuyet hoa	1	1
kim thi tuyet mai	1	1
kim thi tuyet nhung	1	1
kim thi ut huong	1	1
kim thi van chung	1	1
kim thi xuan huong	1	1
kim thi yen	1	1
kim thien bao	1	1
kim thien tan	1	1
kim thiep nguyen	1	1
kim thoa nguyen	1	1
kim thoa vu	1	1
kim thoai vy	1	1
kim thu ha	1	1
kim thu phuong	1	1
kim thu trang	1	2
kim thu yen	1	1
kim thuy an	1	2
kim thuy hang	1	1
kim thuy hong nhung	1	1
kim thuy linh	1	2
kim thuy trang	1	1
kim thuy vy	1	1
kim thuyet	1	1
kim tien cuong	1	1
kim tien tung	1	2
kim tieu	1	1
kim tran	1	2
kim tran huyen thuong	1	1
kim tran minh nhut	1	1
kim tran son	1	1
kim tran thi nu trinh	1	1
kim trang le tran	1	1
kim trong khue	1	1
kim trong quoc	1	1
kim trong thanh	1	1
kim truc truong	1	1
kim trung arcand	1	1
kim trung chinh	1	2
kim trung hai	1	1
kim trung hieu	1	1
kim trung nghia	1	1
kim truong	1	37
kim truong giang	1	2
kim truong nhu	1	1
kim truong son	1	1
kim tu anh	1	1
kim tu binh	1	1
kim tu uyen	1	1
kim tuan anh	1	4
kim tuan duc	1	1
kim tuan duong	1	1
kim tuan hai	1	1
kim tuan kiet	1	2
kim tuan son	1	1
kim tuoc vinh nam	1	1
kim tuyen	1	1
kim tuyen le	1	1
kim uyen ly	1	1
kim uyen my	1	1
kim van bach	1	1
kim van ban	1	1
kim van canh	1	1
kim van chiu	1	1
kim van chung	1	1
kim van cuong	1	1
kim van dam	1	1
kim van dao	1	1
kim van dat	1	1
kim van duc	1	1
kim van dung	1	2
kim van duong	1	1
kim van duy	1	2
kim van giang	1	1
kim van ha	1	1
kim van hai	1	1
kim van hao	1	1
kim van hau	1	1
kim van hieu	1	1
kim van hoang	1	1
kim van huan	1	1
kim van hung	1	2
kim van huy	1	1
kim van khue	1	1
kim van kien	1	2
kim van la	1	1
kim van long	1	1
kim van manh	1	1
kim van nam	1	3
kim van nguyen	1	1
kim van nhi	1	1
kim van phuong	1	1
kim van quan	1	1
kim van que	1	1
kim van quyet	1	1
kim van ro	1	1
kim van son	1	2
kim van thang	1	1
kim van thanh	1	1
kim van thao	1	1
kim van thuyen	1	1
kim van tien	1	1
kim van toan	1	1
kim van truong	1	1
kim van tu	1	2
kim van tuan	1	1
kim van tuong	1	1
kim van vinh	1	1
kim viet anh	1	1
kim viet ha	1	1
kim vinh phuc	1	1
kim vuong	1	2
kim xuan dung	1	1
kim xuan hao	1	1
kim xuan hoa	1	1
kim xuan loc	1	1
kim xuan long	1	1
kim xuan quang	1	1
kim xuan quynh	1	1
kim xuan thong	1	1
kim xuan vinh	1	1
kim xune	1	1
kim xuyen dao	1	1
kim xuyen hung	1	1
kim yen shichi	1	1
kimthuy luong	1	1
kin nguyen duy	1	1
kinh dang dinh	1	1
kinh dao	1	1
kinh duoc su	1	1
kinh duong	1	1
kinh ho	1	1
kinh hoang van	1	1
kinh kinh	1	1
kinh le	1	1
kinh le cong	1	1
kinh le thanh	1	1
kinh luan bui	1	1
kinh ma	1	1
kinh nguyen	1	1
kinh nguyen dang	1	1
kinh pham	1	1
kinh pv	1	1
kinh thi my dung	1	1
kinh tieu	1	2
kinh tran	1	1
kinh truong	1	1
kinh vo	1	1
kinh vu	1	1
kit hoang	1	1
kiu gieng	1	1
klong k brin	1	1
klong k hien	1	1
klong k loanh	1	1
klong ra nuien	1	1
knul tran khanh huyen	1	1
ko bot	1	1
ko dong duc thien	1	1
ko dong ha truong	1	1
ko dong k nham nghi	1	1
ko dong k rau	1	1
ko ho touneh truong	1	1
ko ja ha mang	1	1
ko ja k jong	1	1
ko jong le na	1	1
ko sa duong huy hoang	1	1
ko sa duong thuy kim	1	1
ko sa ha bron	1	1
ko sa ha duan	1	1
ko sa ha lap	1	1
ko sa ha nhan	1	1
ko sa ha thuoc	1	1
ko sa ha thuyeng	1	1
ko sa ha xem	1	1
ko sa k bich	1	1
ko sa k cam	1	1
ko sa k chi	1	1
ko sa k dai	1	1
ko sa k dien	1	1
ko sa k dieu bong	1	1
ko sa k dim	1	1
ko sa k glis	1	1
ko sa k goang	1	1
ko sa k hieu	1	1
ko sa k khen	1	1
ko sa k lua	1	1
ko sa k ngan	1	1
ko sa k suon	1	1
ko sa k tham	1	1
ko sa k thom	1	1
ko sa lus si	1	1
ko sa ly sa	1	1
ko sa mick	1	1
ko so phi	1	1
ko tau	1	1
ko thi huyen	1	1
ko tol k tham	1	1
ko tria k lang	1	1
ko tria k nhat	1	1
koeu davy	1	1
koi rung	1	1
koji kondo	1	1
kok peng na	1	1
kon sa ha nai	1	1
kon sa k duyn	1	1
kon sa k gon	1	1
kon sa k hoi	1	1
kon sa k huynh	1	1
kon sa thuy van	1	1
kon so a bis	1	1
kon so ha lieh	1	1
kon so ha nghia	1	1
kon so ha tu	1	1
kon so ha y thac	1	1
kon so hai kieu	1	1
kon so k bil	1	1
kon so k brep	1	1
kon so k luyn	1	1
kon so k ngan	1	1
kon so k o nha	1	1
kon so k ry phuong	1	1
kon so nai nhien	1	1
kon yong k san	1	1
kon yong k twist	1	1
kong hoa an	1	1
kong sambo	1	1
kong savon	1	1
kong sopheak	1	1
kong thi hien	1	1
kpa barak	1	1
kpa dinh thanh	1	1
kpa doai	1	1
kpa h chin	1	1
kpa h dan	1	1
kpa h djuyn	1	1
kpa h hanh	1	1
kpa h hoanh	1	1
kpa h khen	1	1
kpa h lan	1	1
kpa h lan nie	1	1
kpa h linh	1	2
kpa h lom	1	1
kpa h luy	1	1
kpa h ly	1	1
kpa h menh	1	1
kpa h nga	1	1
kpa h ngai	1	1
kpa h nguyet	1	1
kpa h nhoen	1	1
kpa h nuan	1	1
kpa h pa	1	1
kpa h quan	1	1
kpa h rong	1	1
kpa h sa	1	1
kpa h yam	1	1
kpa ho nga	1	1
kpa ho pin	1	1
kpa ho trang	1	1
kpa ho yeng	1	1
kpa luong	1	1
kpa na	1	1
kpa ngoc chau	1	1
kpa ngoc hai	1	1
kpa nguyet huyen	1	1
kpa nhung	1	1
kpa nunh	1	1
kpa so un	1	1
kpa tan	1	1
kpa thi xiu	1	1
kpa thong	1	1
kpa thu	1	1
kpa y an	1	1
kpa y huy	1	1
kpa y mon nie	1	1
kpa y su	1	1
kpa y thai	1	1
kpuih h dai	1	1
kpuih h duyet	1	1
kpuih h kieu	1	1
kpuih song	1	1
kpuih the	1	1
kra jan bril	1	1
kra jan elly	1	1
kra jan giang nhi	1	1
kra jan gret	1	1
kra jan h bel	1	1
kra jan ha nhi	1	1
kra jan ha re mi	1	1
kra jan huan	1	1
kra jan k dang	1	1
kra jan k lup	1	1
kra jan k mien	1	1
kra jan k mo	1	1
kra jan k nis	1	1
kra jan k soan	1	1
kra jan ka dung	1	1
kra jan pot nem	1	1
kra jan sin bet	1	1
kra jan suit	1	1
kra jan tha ly	1	1
krajan rinet	1	1
krin ban	1	1
kring ha	1	1
kring truong	1	1
kristina truong	1	1
ksor brok	1	1
ksor choai	1	1
ksor chrong	1	1
ksor chuc	1	1
ksor cui	1	1
ksor cuong	1	1
ksor do	1	1
ksor don	1	1
ksor em	1	1
ksor giang	1	1
ksor h ayun	1	1
ksor h blin	1	1
ksor h bot	1	1
ksor h bun	1	2
ksor h chang	1	1
ksor h chi	1	1
ksor h chu	1	1
ksor h chun	1	1
ksor h dien	1	1
ksor h din	1	1
ksor h don	1	2
ksor h dong	1	1
ksor h dot	1	1
ksor h duyen	1	1
ksor h guo	1	1
ksor h hien	1	1
ksor h hoan	1	1
ksor h hong	1	1
ksor h huyen	1	1
ksor h inh	1	1
ksor h juh	1	1
ksor h khuyen	1	1
ksor h kuin	1	1
ksor h la	1	1
ksor h lin	1	1
ksor h lom	1	1
ksor h lu	1	1
ksor h luyen	1	1
ksor h mat	1	1
ksor h mie	1	1
ksor h moa	1	1
ksor h mong	1	1
ksor h muar	1	1
ksor h myr	1	1
ksor h nang	1	1
ksor h ngan	1	1
ksor h nghen	1	1
ksor h nguon	1	1
ksor h nguyet	1	1
ksor h nha	1	1
ksor h nhai	1	1
ksor h nhin	1	1
ksor h nhung	1	1
ksor h nhuyen	1	1
ksor h niem	1	1
ksor h nu	1	1
ksor h ruing	1	1
ksor h soai	1	1
ksor h su rim	1	1
ksor h thai	1	1
ksor h thu	1	1
ksor h tra	1	1
ksor h trut	1	1
ksor h tuyet	1	1
ksor h uyen	1	1
ksor h vi	1	1
ksor h vien	1	1
ksor h vin	1	1
ksor h vui	1	1
ksor h xe	1	1
ksor h xuyen	1	1
ksor h zil	1	1
ksor hang	1	2
ksor hien	1	1
ksor ho but	1	1
ksor ho dem	1	1
ksor ho huy	1	1
ksor ho nguyet	1	1
ksor ho phuong	1	1
ksor ho sun	1	1
ksor ho trinh	1	1
ksor ho vi	1	1
ksor ho yen	1	1
ksor hong	1	1
ksor hop	1	1
ksor hui	1	1
ksor huong	1	1
ksor huynh	1	1
ksor khang	1	1
ksor khuyen	1	1
ksor kien	1	1
ksor klong	1	1
ksor kpa misian	1	1
ksor ku	1	1
ksor lam oanh	1	1
ksor len	1	1
ksor lit	1	1
ksor long	1	1
ksor ly	1	1
ksor lyva	1	1
ksor nghiem	1	1
ksor nhi	1	1
ksor niem	1	1
ksor nik	1	1
ksor phuoc	1	1
ksor rin	1	1
ksor sa	1	1
ksor sanh	1	1
ksor sao hien	1	1
ksor sina	1	1
ksor siu alin	1	1
ksor sret	1	1
ksor suh	1	1
ksor tam ty	1	1
ksor the	1	1
ksor thuong	1	2
ksor thuy linh	1	1
ksor tri	1	1
ksor uyn	1	1
ksor van	1	1
ksor viet	1	1
ksor xet	1	1
ksor xuan	1	1
ksor y choi	1	1
ksor y du	1	1
ksor y dup	1	1
ksor y gas	1	1
ksor y kha	1	1
ksor y khieng	1	1
ksor y noba	1	1
ksor y phan	1	1
ksor y quoc	1	1
ksor y sen	1	1
ksor y tem	1	1
ksor y thuk	1	1
ksor y tuan	1	1
ksor y viet	1	1
ksor y vu	1	1
ksor ylo	1	1
ksoroo h yem	1	1
kuan ching william ho	1	1
kubet ngon	1	1
kuch sun thay hak	1	1
kuu nguyen thi huyen	1	1
kwan ngoc vi ky	1	1
ky boi nhu	1	1
ky bui xuan	1	1
ky cam nhung	1	1
ky duc giau	1	1
ky duy khanh	1	1
ky giai au duong	1	1
ky giai quan	1	1
ky hoang the	1	1
ky huu phuoc	1	1
ky khanh quynh	1	1
ky kim quang	1	1
ky lan anh	1	1
ky le	1	1
ky luu	1	1
ky manh tien	1	1
ky minh quy	1	1
ky minh triet	1	1
ky my linh	1	1
ky ngoc phuong thao	1	1
ky nguyen	1	1
ky nhat duy	1	1
ky phan	1	1
ky phan phi	1	1
ky phuong anh	1	1
ky quang vinh	1	1
ky thai son	1	1
ky thi hai yen	1	1
ky thi kim hoang	1	1
ky thi kim tram	1	1
ky thi my tram	1	1
ky thi phuong lan	1	1
ky thi phuong quyen	1	1
ky thi thu thao	1	1
ky thuat	1	1
ky thuy ha	1	1
ky tran trong	1	1
ky van khanh	1	1
ky vinh an	1	1
kyap	1	1
kyoungwon kay na	1	1
