sa bich nghi	1	1
sa bich ngoc	1	1
sa chia	1	1
sa fi nah	1	1
sa fi ra	1	1
sa hao le thanh	1	1
sa ki nah	1	1
sa kim thao	1	1
sa lay man ha mid	1	1
sa le sean	1	1
sa le thao vy	1	1
sa lem	1	1
sa les	1	1
sa mai anh	1	1
sa manh cuong	1	1
sa minh hao	1	1
sa my kim	1	1
sa ngoc anh	1	1
sa ngoc sinh	1	1
sa nguyen chuong	1	1
sa nguyen dinh thanh	1	1
sa ny rath	1	1
sa quang dong	1	1
sa quanh na	1	1
sa quy buts	1	1
sa thanh minh	1	1
sa thi bich ngoc	1	1
sa thi kim thoa	1	1
sa thi lan	1	1
sa thi ngoc anh	1	1
sa thi nhu quynh	1	1
sa thi thom	1	1
sa thi thu hang	1	1
sa thi tra my	1	1
sa tho dan	1	1
sa thu ha	1	1
sa van chuong	1	1
sa van sien	1	1
sa van son	1	1
sa van tuoi	1	1
sa veasna	1	1
sa vinh phat	1	1
sa y roh	1	1
sac huynh van	1	1
sac phan	1	1
sach ccbook	1	1
sach hoang	1	1
sach nguyen	1	1
sach quoc trung	1	2
sach thi bich thuy	1	1
sach vu dinh	1	1
safiy monire	1	1
sai ba khoa	1	1
sai bao ngoc	1	1
sai bao viet	1	2
sai cong minh tuan	1	1
sai cong sang	1	1
sai cong thang	1	1
sai dinh thang	1	1
sai duc binh	1	1
sai duc tai	1	1
sai duc the	1	1
sai hoang linh	1	1
sai hoang minh	1	1
sai hoang thu linh	1	1
sai hong thuy	1	1
sai huu an	1	1
sai khanh linh	1	1
sai kieu oanh	1	1
sai luong nam	1	1
sai manh thang	1	1
sai minh duc	1	2
sai minh hoang	1	1
sai minh nguyet	1	1
sai minh quy	1	2
sai minh tuan vu	1	1
sai nam khanh	1	1
sai ngoc duc	1	1
sai ngoc linh	1	1
sai ngoc quang linh	1	1
sai ngoc thang	1	1
sai ngoc tuyen	1	1
sai ngoc vu	1	1
sai nguyen tu uyen	1	1
sai phuong thao	1	1
sai quang hai	1	1
sai quoc tien	1	1
sai thanh huyen	1	1
sai thi bich lan	1	1
sai thi binh nguyen	1	1
sai thi hoai linh	1	2
sai thi hong thu	1	1
sai thi hue	1	1
sai thi huong thao	1	1
sai thi khuyen	1	1
sai thi kim hong	1	1
sai thi lanh	1	1
sai thi linh van	1	1
sai thi my hanh	1	1
sai thi phuong	1	1
sai thi rum	1	1
sai thi thanh thao	1	1
sai thi thao	1	1
sai thi thu ha	1	1
sai thi thu mai	1	1
sai thi thuy	1	1
sai thi ut	1	1
sai thu hue	1	1
sai thu huong	1	1
sai thu phuong	1	1
sai thuy trang	1	1
sai tran hieu	1	2
sai van hue	1	1
sai van hung	1	1
sai van oanh	1	1
sai van phuong	1	1
sai van son	1	1
sai van tham	1	1
sai van tien	1	1
sai van toi	1	1
sai van tuan	1	1
sai viet hung	1	1
sal	1	1
sal la	1	1
salam hozen	1	1
sally na	1	1
sally nho	1	1
saly phe	1	1
sam a an	1	1
sam a muon	1	1
sam a sinh	1	1
sam a tua	1	1
sam anh thu	1	1
sam bao ngoc	1	1
sam cam phuc	1	1
sam chanra thany	1	1
sam chi cam	1	1
sam chi linh	1	1
sam duc chinh	1	1
sam duc giang	1	1
sam duc hiep	1	1
sam duc hung	1	1
sam duc thang	1	1
sam duc thinh	1	1
sam duc tung	1	1
sam duc vinh	1	1
sam dung khoa	1	1
sam duy dien	1	1
sam gia huy	1	1
sam gia toan	1	1
sam ha my	1	1
sam ha nhu vu	1	1
sam hao nguyen	1	1
sam hien luong	1	1
sam hoa mai	1	1
sam hoa tu	1	1
sam hoang thien thanh	1	1
sam hoang thu	1	1
sam huy trong	1	1
sam huyen trang	1	1
sam khanh hien	1	1
sam kiet tu	1	1
sam kieu khanh	1	1
sam ky phoi	1	1
sam lai minh	1	1
sam lan anh	1	1
sam le bao anh	1	1
sam le thu	1	1
sam mai phuong thao	1	1
sam manh toan	1	1
sam minh chau	1	1
sam minh chien	1	1
sam minh cuong	1	1
sam minh duc	1	2
sam minh dung	1	1
sam minh duong	1	1
sam minh giang	1	1
sam minh hai	1	1
sam minh hang	1	1
sam minh huyen	1	1
sam minh phan	1	1
sam minh tuyet	1	1
sam my linh	1	1
sam ngoc bich	1	1
sam ngoc huyen	1	1
sam ngoc long	1	1
sam ngoc mai	1	1
sam ngoc phuong linh	1	1
sam ngoc thuy duyen	1	1
sam ngoc tram	1	1
sam ngoc trung	1	1
sam nguyen phuong truc	1	1
sam nhat hoang	1	1
sam nhu hai	1	1
sam pham an binh	1	1
sam phi hung	1	1
sam phuc duc	1	1
sam phuc hoan	1	1
sam phui nhi	1	1
sam phuong linh	1	1
sam quang minh	1	1
sam que dung	1	1
sam que hai	1	1
sam quoc an	1	1
sam quoc anh	1	1
sam quoc huy	1	1
sam quoc khanh	1	1
sam quoc thang	1	1
sam quoc uy	1	1
sam quoc vuong	1	1
sam quy nhon	1	1
sam samuel chieng	1	1
sam son tuyen	1	1
sam thai bao	1	1
sam thanh	1	1
sam thanh hieu	1	1
sam thi chiem	1	1
sam thi chiem nh	1	1
sam thi chuyen	1	1
sam thi dieu	1	1
sam thi dieu linh	1	1
sam thi dung	1	2
sam thi duyen	1	1
sam thi hang	1	1
sam thi hanh	1	3
sam thi hau	1	1
sam thi hoa	1	1
sam thi hoai	1	1
sam thi hoi	1	1
sam thi hue	1	4
sam thi huong	1	2
sam thi huong giang	1	1
sam thi huyen	1	1
sam thi khanh tam	1	1
sam thi khu	1	1
sam thi khue	1	1
sam thi kim	1	1
sam thi lan	1	1
sam thi le	1	1
sam thi liem	1	1
sam thi lieu	1	1
sam thi loan	1	1
sam thi luong	1	1
sam thi luyen	1	2
sam thi ly	1	2
sam thi men	1	1
sam thi ngoc binh	1	1
sam thi ngoc dieu	1	1
sam thi ngoc linh	1	1
sam thi ngoc quynh	1	1
sam thi ngoc tuyet	1	1
sam thi nguyet	1	1
sam thi nham	1	2
sam thi nu	1	1
sam thi oanh	1	1
sam thi pai	1	1
sam thi phuong	1	1
sam thi phuong thao	1	1
sam thi quyen	1	1
sam thi tam	1	1
sam thi thanh thuy	1	1
sam thi thao	1	2
sam thi thao ly	1	1
sam thi thoa	1	1
sam thi thom	1	1
sam thi thu	1	1
sam thi thu cam	1	1
sam thi thu dien	1	1
sam thi thu hang	1	2
sam thi thu thao	1	1
sam thi thu thoi	1	1
sam thi thu thuy	1	1
sam thi thu trang	1	1
sam thi thuong	1	1
sam thi thuy	1	5
sam thi thuy ly	1	1
sam thi thuy trang	1	1
sam thi trang	1	1
sam thi tuoi	1	2
sam thi viet yen	1	1
sam thi xuan	1	1
sam thi yen	1	1
sam thu phuong	1	1
sam thuy bao chau	1	1
sam thuy boi linh	1	1
sam tien anh	1	1
sam tieu nguyet	1	1
sam tran nhu y	1	1
sam trong dat	1	1
sam trung nghia	1	1
sam truong thi hong	1	1
sam tu vi	1	1
sam tuan anh	1	1
sam tuan vu	1	1
sam van ba	1	1
sam van bang	1	1
sam van bo	1	1
sam van chien	1	1
sam van dinh	1	1
sam van du	1	1
sam van dung	1	1
sam van huan	1	2
sam van hung	1	3
sam van huu	1	1
sam van khin	1	1
sam van kien	1	2
sam van loc	1	2
sam van lung	1	1
sam van nghia	1	1
sam van nguyen	1	1
sam van phinh	1	1
sam van quan	1	1
sam van song	1	1
sam van tam	1	1
sam van thang	1	1
sam van thanh	1	1
sam van thu	1	1
sam van thuan	1	2
sam van thuong	1	1
sam van thuy	1	1
sam van trung	1	1
sam van tung	1	1
sam viet duc	1	1
sam viet long	1	2
sam vu phong	1	1
sam xoi hong	1	1
sam xuan dat	1	1
sama nie kdam	1	1
samael amina	1	1
san boi duc	1	1
san hong quyen	1	1
san khieu	1	1
san khong	1	1
san le ngan	1	1
san loi	1	1
san moc chong	1	1
san my linh	1	1
san ngo gia tai	1	1
san nhit hieng	1	1
san quang pha	1	1
san que nam	1	1
san quoc bao	1	1
san sau quoc vi	1	1
san sen cang	1	1
san thach thao	1	1
san thanh dong	1	1
san thi hue	1	1
san thi len	1	1
san thi minh thu	1	1
san thi thin	1	1
san thoai vu	1	1
san u eban	1	1
san vuong	1	1
san xuan thuy	1	1
sanc kim huy	1	1
sandy hoang	1	1
sandy huynh	1	1
sandy suong tran	1	1
sang chau thy	1	1
sang chenh	1	1
sang dang	1	1
sang ho	1	2
sang ho johnson	1	1
sang ho minh	1	1
sang huynh	1	1
sang johnson	1	1
sang le	1	1
sang lee	1	1
sang luong	1	1
sang nguyen	1	1
sang nguyen ngoc	1	1
sang nguyen thanh	1	1
sang pham	1	1
sang rai quy	1	1
sang sang	1	1
sang tanh le	1	1
sang thi thu ha	1	1
sang tran	1	1
sang tran thi kim	1	1
sang tu	1	1
sanh	1	1
sanh anh tran dinh	1	1
sanh bui	1	1
sanh dang	1	1
sanh doan	1	1
sanh duong	1	1
sanh huynh	1	1
sanh kha	1	1
sanh kim dung	1	1
sanh le	1	1
sanh luu	1	1
sanh ly	1	1
sanh nguyen	1	2
sanh nguyen duc	1	1
sanh nguyen huy	1	1
sanh nguyet	1	1
sanh ong vuong ho	1	1
sanh phan	1	1
sanh quang pham	1	1
sanh sam thang	1	1
sanh thai	1	1
sanh tram	1	1
sanh tran	1	1
sanh tran quoc	1	1
sanh trinh	1	1
sanh truong	1	1
sanh vo	1	1
sanh x le	1	1
sao az	1	1
sao bun tram adrong	1	1
sao huong	1	1
sao mai len	1	1
sao mai nguyen mau	1	1
sao mai phan	1	2
sao mai tran	1	1
sao nguyen	1	1
sao y minh hung	1	1
saphy hoang tuan	1	1
sarah ly	1	1
sarah tran	1	1
sasha truong	1	1
satake hogo	1	1
satthep giare	1	1
sau bui	1	1
sau hoang	1	1
sau hoang thi	1	1
sau le	1	1
sau ngoc mai	1	1
sau nguyen thi	1	1
sau qui	1	1
sau thang	1	1
sau tung	1	1
sau vu huu	1	1
say le chi	1	1
scott hoang	1	1
se cao bao minh	1	1
se gay	1	1
se pho ni	1	1
se voong	1	1
sean cang mai	1	1
sean le van	1	1
sen	1	1
sen lien minh	1	1
sen thi thanh	1	1
sen thi thu huyen	1	1
sen van chung	1	1
seng sophea	1	1
seng tola	1	1
seo cha binh	1	1
seo giang anh	1	1
seo thi linh	1	1
ser luong ka vy phuong e ban	1	1
seth sombok	1	1
sham sudin arifin	1	1
shawn na	1	1
shen ching ching	1	1
shirley quach	1	1
shop baby	1	1
si a khin	1	1
si ben	1	1
si dieu long	1	1
si la	1	1
si lam	1	3
si le	1	1
si nguyen	1	1
si nhat thuan	1	1
si phang hoi	1	1
si phuong anh	1	1
sia huyen	1	1
siam phon keo luong lat	1	1
sieng nguyen	1	1
sieng van tran	1	1
sieu cau dinh	1	1
sieu chung ky	1	1
sieu cuong tran	1	1
sieu diep	1	1
sieu ga	1	1
sieu huu thuc	1	1
sieu huynh	1	1
sieu le	1	1
sieu lu	1	1
sieu luong	1	1
sieu luu	1	1
sieu ngo	1	1
sieu nguyen	1	1
sieu nguyen hoang	1	1
sieu nhung nguyen	1	1
sieu phan	1	1
sieu thai	1	1
sieu tran	1	1
sieu trinh	1	1
sieu vong	1	1
siloung ateeth	1	1
sim kieu	1	1
sim pham	1	1
sim tu ngoc nhi	1	1
simon huynh	1	1
sin a sy	1	1
sin chac	1	1
sin duc hai	1	1
sin duc quy	1	1
sin huyen trang	1	1
sin ngoc my	1	1
sin nguyen vincent	1	1
sin thi duyen	1	1
sin thi hong	1	1
sin thi hong my	1	1
sin thi nguyet	1	1
sin thi thanh hien	1	1
sin thuy huong	1	1
sin toan my vy	1	1
sin viet duc	1	1
sin viet hung	1	1
singh bhatia kim ngan	1	1
sinh a cu	1	1
sinh a dong	1	1
sinh bach tan	1	1
sinh bui	1	1
sinh dang	1	1
sinh do	1	1
sinh ho	1	1
sinh khanh le	1	1
sinh le	1	2
sinh le chieu	1	1
sinh le tan	1	1
sinh mai	1	1
sinh nguyen	1	1
sinh nguyen hong	1	1
sinh nguyen ngoc	1	1
sinh nguyen truong	1	1
sinh pham truong	1	1
sinh phan	1	1
sinh phan van	1	1
sinh thanh nguyen	1	1
sinh thi do	1	1
sinh tran	1	1
sinh truong	1	1
sinh van	1	1
sinh vu	1	2
sisie nong	1	1
sison tony	1	1
sit khai dong	1	1
sith samedy	1	1
sity farita	1	1
siu h hmlin	1	1
siu h hoa	1	1
siu h in	1	1
siu h lan	1	1
siu h lanka	1	1
siu h linh sa	1	1
siu h liu	1	1
siu h luen	1	1
siu h mien	1	1
siu h ngan	1	1
siu h phyam	1	1
siu h quyet	1	1
siu h ram	1	1
siu h sa	1	1
siu h sanni	1	1
siu h sara	1	1
siu h tuoi	1	1
siu h uyen	1	1
siu h wen	1	1
siu ha trang	1	1
siu hai	1	1
siu hai nhi	1	1
siu hieng	1	1
siu hih	1	1
siu hleu	1	1
siu hoa	1	1
siu hoan	1	1
siu kel	1	1
siu khit	1	1
siu kim ngan	1	1
siu lok	1	1
siu luat	1	1
siu lun	1	1
siu man	1	1
siu mi la	1	1
siu nay spring	1	1
siu ngat	1	1
siu ngo	1	1
siu nhun	1	1
siu nhung	1	1
siu phuong	1	1
siu roma herry	1	1
siu ru	1	1
siu sa na	1	1
siu si bia	1	1
siu tai	1	1
siu thanh	1	1
siu thien	1	1
siu thin	1	1
siu thom	1	1
siu thut	1	1
siu tram	1	1
skalska izabela quynh nhu	1	1
slen phuong khanh	1	1
so ao k hoi	1	1
so ao k nhell	1	1
so cong nghiep	1	2
so dia chinh	1	1
so ho nhon	1	1
so huyen	1	1
so ket k duy	1	1
so ket ly ban	1	1
so ly dong phong	1	1
so ly thi quynh giang	1	1
so minh hung	1	1
so minh sang	1	1
so minh thai	1	1
so ngoc thanh	1	1
so nur k mi gam	1	1
so som nang	1	1
so tai chanh	1	1
so thi chau	1	1
so thi duyen	1	1
so thi ly nho	1	1
so thi thung	1	1
so thi xuan thien	1	1
so truong nguyen	1	1
so tu phap	1	1
so y nhat	1	1
soa nguyen	1	1
soai duc ninh	1	1
soai thanh hung	1	1
soai thu hang	1	1
soai thuy duong	1	1
soan dang	1	1
soan nghiem	1	1
soan ngo	1	1
soan nguyen	1	1
soan vi	1	1
soc sray mone	1	1
soeun sopheak	1	1
soi bich ngoc	1	1
soi cam kieu chinh	1	1
soi cau	1	1
soi cau mien bac	1	1
soi chuc hung	1	1
soi hoang long	1	1
soi ngoc anh tuan	1	1
soi pham	1	1
sok panha	1	1
solomon tran phoi tien	1	1
som so phiep	1	1
som xi siu	1	1
sommany pan tha vong	1	1
son	1	1
son binh thanh	1	1
son bo pha	1	1
son bui	1	1
son bui van	1	1
son chanh phieu	1	1
son dai tan	1	1
son dinh	1	1
son dinh hong	1	1
son do hoanh	1	1
son do thai	1	1
son dung	1	1
son giang	1	1
son hai	1	1
son hien	1	1
son hieu nghia	1	1
son ho bao tram	1	2
son ho van	1	1
son hoai thinh	1	1
son hoang bao	1	1
son hoang nhut long	1	1
son hoang tan	1	1
son hoang van	1	1
son huu do	1	1
son huynh huy hoang	1	1
son huynh nhu	1	1
son huynh tri	1	1
son khuat	1	1
son kim phuong	1	1
son le	1	1
son le hong	1	1
son le kieu phuong	1	1
son le quy tien	1	1
son le thanh	1	1
son le tra my	1	1
son long	1	1
son luong	1	2
son luu hung	1	1
son mac xay	1	1
son michael pham	1	1
son minh them	1	1
son my quyen	1	1
son nam	1	1
son nghiem	1	1
son ngoc ai vy	1	1
son ngoc danh	1	1
son ngoc hao	1	1
son ngoc minh	1	1
son ngoc tai	1	1
son ngoc thanh	1	1
son nguon	1	1
son nguyen	1	1
son nguyen phu	1	1
son nguyen van	1	2
son nhac nguyen	1	1
son pham	1	1
son pham ngoc	1	1
son pham van	1	1
son pham xuan	1	1
son phan	1	1
son phi	1	1
son phung	1	1
son phuoc	1	1
son quan	1	1
son qui sal	1	1
son san	1	1
son sinh	1	1
son suong	1	1
son tan hieu	1	1
son tang tic heng	1	1
son thac nguyen	1	1
son thai	1	2
son thai hai	1	1
son thai vu	1	2
son thanh binh	1	1
son thanh tai	1	1
son thanh thai	1	1
son thanh thuy	1	1
son thanh tu	1	1
son thao tran	1	1
son thi anh nguyet	1	1
son thi binh	1	1
son thi da	1	1
son thi hien triet	1	1
son thi hong dao	1	1
son thi kieu oanh	1	1
son thi kim hoang	1	1
son thi kim nguyen	1	1
son thi malis	1	1
son thi minh thu	1	1
son thi muoi	1	1
son thi my duyen	1	1
son thi ngoc diep	1	1
son thi ngoc uyen	1	1
son thi ngoc xuan	1	1
son thi nhat anh	1	1
son thi nhuong	1	1
son thi phuong binh	1	1
son thi phuong hoa	1	1
son thi suong	1	1
son thi thu thuy	1	1
son thi thuy diem	1	1
son thi thuy vi	1	1
son thi tram	1	1
son thi tuyet nhi	1	1
son thi van	1	1
son thi vanh di	1	1
son thien trang	1	1
son thuy ngoc linh	1	1
son tran	1	2
son tran an	1	1
son tran quang	1	1
son tran thiet	1	1
son tran van	1	1
son trung hau	1	1
son truong hung	1	1
son tu anh	1	1
son van	1	1
son van hoa	1	1
son van lai	1	1
son vo hoai	1	1
son wanari	1	1
son xuan thinh	1	1
son yen vy	1	1
song a chu	1	1
song a co	1	1
song a dau	1	1
song a phia	1	1
song a quang	1	1
song a tu	1	1
song ba dau	1	1
song kbuor	1	1
song khanh thy	1	1
song lao ho	1	1
song pao de	1	1
song tra	1	1
song truc	1	1
sonny alex yeo liang liang	1	1
sons son	1	1
soon le chu quan	1	1
sophal phach	1	1
sophal sophin	1	1
sophie tran	1	1
sord cill	1	1
sorng nim	1	1
sou phia	1	1
sovanna nhuong	1	1
sreng sok vung	1	1
srey saravut	1	1
sro ha bong	1	1
stacy huynh	1	1
stanislas huynh cong	1	1
stephanie cong	1	1
stephanie duong	1	1
stephanie tran van thoan	1	1
stephen ng qui sang	1	1
steve tran	1	2
steven nguyen	1	1
steven truong	1	1
su a sang	1	1
su bat mui	1	1
su cam denh	1	1
su chan dong	1	1
su chan kiut	1	1
su chi linh	1	1
su duc phat	1	1
su duy bin	1	1
su duy linh	1	1
su hoang thao linh	1	1
su hoang thuy	1	1
su hong duc	1	1
su hong son	1	1
su huong ly	1	1
su huu loc	1	1
su huu ngoc	1	1
su huu vu quang	1	1
su khac liem	1	1
su kieu ngoc bich	1	1
su kieu nguyet nga	1	1
su le gia huy	1	1
su li tong dai	1	1
su linh chi	1	1
su linh tu anh	1	1
su mai quang	1	1
su minh phung	1	1
su my huong	1	1
su my linh	1	1
su my minh	1	1
su ngoc anh	1	1
su ngoc cu	1	1
su ngoc du	1	1
su ngoc huu	1	1
su ngoc phuong uyen	1	1
su ngoc tuong vy	1	1
su nguyen luong	1	1
su nguyen minh triet	1	1
su nguyen ngoc	1	1
su pham thanh	1	1
su phan boi nhieu	1	1
su phit phom ma chan	1	1
su phuong anh	1	1
su quang xuan	1	1
su quoc bao	1	1
su thai ha chi	1	1
su thanh phuong	1	1
su thanh son	1	1
su thanh thuy	1	1
su the chuong	1	1
su the nhu	1	1
su thi cam ha	1	1
su thi hong nu	1	1
su thi hong thuy	1	1
su thi khuyen	1	1
su thi kim dan	1	1
su thi kim huong	1	1
su thi lan	1	1
su thi ly	1	1
su thi ngoc nhung	1	1
su thi phuoc van	1	1
su thi tha	1	1
su thi thanh hang	1	1
su thi thanh thuy	1	1
su thi thu thuy	1	1
su thi tuyet	1	1
su thi viet nga	1	1
su thien khanh	1	1
su trinh thi	1	1
su tuan thanh	1	1
su van quyen	1	1
su van tan	1	2
su vay binh	1	1
su vay sui	1	1
suc nguyen	1	1
suc nguyen bryan	1	1
suc onl	1	1
suen minh dong	1	1
sui chung phu	1	1
sun kheang	1	1
sun thi my dung	1	1
sung a bang	1	1
sung a binh	1	2
sung a cau	1	1
sung a chenh	1	1
sung a chia	1	1
sung a chinh	1	1
sung a chiu	1	1
sung a cho	1	2
sung a chu	1	2
sung a cu	1	1
sung a dai	1	1
sung a di	1	1
sung a dia	1	1
sung a do	1	1
sung a doan	1	1
sung a dung	1	1
sung a duong	1	1
sung a hong	1	1
sung a huong	1	1
sung a khang	1	1
sung a khanh	1	1
sung a la	1	1
sung a linh	1	2
sung a lu	1	1
sung a ly	1	1
sung a phinh	1	1
sung a phua	1	1
sung a que	1	2
sung a sau	1	1
sung a sinh	1	2
sung a so	1	1
sung a su	1	3
sung a thai	1	1
sung a thang	1	1
sung a thanh	1	1
sung a thao	1	2
sung a tho	1	1
sung a tinh	1	1
sung a tra	1	1
sung a tro	1	1
sung a tua	1	1
sung a tung	1	1
sung a va	1	1
sung a vang	1	1
sung a viet	1	1
sung a vong	1	1
sung chi linh	1	1
sung duc luong	1	1
sung dung	1	1
sung hoai thu	1	1
sung khanh van	1	1
sung mai chi	1	1
sung manh thang	1	1
sung mi no	1	1
sung mi sinh	1	2
sung mi tua	1	1
sung mi va	1	1
sung minh chu	1	1
sung minh phuc	1	1
sung minh son	1	1
sung minh thanh	1	1
sung ngoc manh	1	1
sung pao	1	1
sung phi xo	1	1
sung seo chau	1	1
sung seo chinh	1	1
sung seo din	1	1
sung seo do	1	1
sung seo khoa	1	1
sung seo la	1	1
sung seo minh	1	2
sung seo nhe	1	1
sung seo phang	1	1
sung seo phu	1	2
sung seo sang	1	1
sung seo sieu	1	1
sung seo tam	1	1
sung seo tin	1	1
sung seo van	1	1
sung seo viet	1	1
sung thang	1	1
sung thao van	1	1
sung thi chau giang	1	1
sung thi che	1	1
sung thi do	1	1
sung thi dua	1	1
sung thi dung	1	2
sung thi gau	1	1
sung thi hoa	1	3
sung thi huong	1	1
sung thi kia	1	1
sung thi lan	1	1
sung thi lien	1	1
sung thi linh	1	1
sung thi mai	1	1
sung thi my	1	1
sung thi nhu	1	1
sung thi nhung	1	1
sung thi oanh	1	1
sung thi pang kia	1	1
sung thi phong	1	1
sung thi phong lan	1	1
sung thi phuong	1	1
sung thi quynh	1	1
sung thi sua	1	1
sung thi sung	1	1
sung thi tan	1	1
sung thi thai chu	1	1
sung thi thanh	1	1
sung thi thao	1	1
sung thi thu	1	1
sung thi trang	1	1
sung thi tung	1	1
sung thu ha	1	1
sung thu huong	1	1
sung thuy pa	1	1
sung van binh	1	1
sung van ca	1	1
sung van cha	1	1
sung van din	1	1
sung van dinh	1	1
sung van hung	1	1
sung van le	1	1
sung van long	1	1
sung van minh	1	1
sung van phu	1	1
sung van quy	1	1
sung van su	1	1
sung van thuan	1	1
sung van tu	1	1
sung vang tinh	1	1
sung vu	1	1
sung xe po	1	1
sung y ca	1	1
sung y hoa	1	1
sung y lang	1	1
sung y mai	1	1
sung y soan	1	1
sung y thanh	1	1
sung y to	1	1
sung y xuan	1	1
suong bui	1	1
suong dinh	1	1
suong do	1	1
suong doan	1	1
suong lam	1	1
suong le	1	1
suong ngo	1	1
suong ngoc dieu	1	1
suong nguyen	1	2
suong pham	1	8
suong pham tran	1	1
suong phan	1	1
suong so ni	1	1
suong suong	1	1
suong t lai	1	1
suong thi tram	1	1
suong thu	1	1
suong to	1	1
suong to vu thao	1	1
suong tran thi tuyet do	1	1
suong vo	1	1
suong vu	1	1
suonl my nhien	1	1
susan xinh huynh	1	1
suthakram tran ngoc anh	1	1
suu cao thi	1	1
suu nguyen khac	1	1
suu nguyen van	1	1
suzanne tran	1	1
suzen ksor	1	1
sy danh duc	1	1
sy danh minh chau	1	1
sy danh quang	1	1
sy danh quyet	1	1
sy danh tien	1	1
sy dieu linh	1	1
sy do nhu	1	1
sy gia han	1	1
sy ho van	1	1
sy hoang kien	1	1
sy hoang loc	1	1
sy le van	1	1
sy nguyen trang vi	1	1
sy nhat sang	1	1
sy quang le	1	1
sy quy khanh nguyen	1	1
sy quy loi	1	1
sy the thanh	1	1
sy thi hien	1	1
sy thi huong	1	1
sy thi kieu trang	1	1
sy thi kieu trinh	1	1
sy thi linh nga	1	1
sy thi ngan	1	1
sy thi ngoc	1	1
sy thi phuong trang	1	1
sy thi thanh huyen	1	1
sy thi thu trang	1	1
sy thi tuoi	1	1
sy thi yen hanh	1	1
sy trieu van	1	2
sy truong	1	2
sy tu loan	1	1
sy van manh	1	1
sy van toan	1	1
sy yen nhi	1	1
syphong bui	1	1
