a ai	1	1
a anh	1	1
a ban	1	1
a bia	1	1
a bieu	1	1
a bih	1	1
a binh	1	1
a cao	1	1
a cong	1	1
a cuong	1	1
a dang	1	1
a dau	1	1
a dia	1	1
a doa	1	1
a doan duy khanh	1	1
a dut	1	1
a duy	1	2
a duyet	1	1
a ha	1	1
a hai	1	1
a hieu	1	2
a hoa	1	1
a jak	1	1
a jon	1	1
a khai	1	1
a khanh	1	1
a khat	1	1
a kheo	1	1
a khi	1	1
a kuing	1	1
a lam	1	1
a lan	1	1
a lang	1	1
a lang bang	1	1
a lang chien	1	1
a lang duoi	1	1
a lang lieu	1	1
a lang nuyen	1	1
a lang thi gai	1	1
a lang thi le hang	1	1
a lang thi nhi	1	2
a lang thi quynh	1	1
a lang thi tham	1	1
a le	1	1
a le h ben	1	1
a le h dut	1	1
a le y arun	1	1
a linh	1	3
a luex ktul	1	1
a lung	1	1
a luong	1	2
a luu	1	1
a ly	1	1
a ly lah	1	1
a ma ri	1	1
a mai duong	1	1
a mau	1	1
a min	1	1
a minh duc	1	1
a mo kieu phan	1	1
a moong thi hoai linh	1	1
a na luong	1	1
a nghien	1	1
a ngoc	1	1
a nguyen thuy van	1	1
a nhan	1	1
a niem	1	1
a nien	1	1
a phe	1	1
a phuong	1	2
a piam	1	1
a quang	1	1
a ral phuong nam	1	1
a rat bac	1	1
a rat hoan	1	1
a rat thi kieu oanh	1	1
a rat thi loan	1	1
a ret kit	1	1
a rieih ntrual	1	1
a rui	1	1
a rung	1	1
a suy	1	1
a ten	1	1
a thai	1	1
a thao cuong	1	1
a thi anh nguyet	1	1
a thi my my	1	1
a thien	1	1
a tho	1	1
a thu	1	1
a thuan	1	1
a thuc	1	1
a toat	1	1
a trao	1	1
a trong	1	1
a trun	1	1
a trung	1	1
a tu	1	1
a tuer	1	1
a tuong vy	1	1
a uy	1	1
a vang	1	1
a viet hanh	1	1
a viet ngo	1	1
a viet thi bieu	1	1
a viet thi phuong nhung	1	1
a viet thi xuan	1	1
a viet tiet	1	1
a vinh	1	1
a xanh	1	1
a xcucl nhu	1	1
a yuet	1	1
a yum	1	1
abu ibrohim	1	1
adam chung	1	1
adrong h khem	1	1
adrong h lan	1	1
adrong h lang	1	1
adrong h len	1	1
adrong h lin	1	1
adrong h mat	1	1
adrong h rong	1	1
adrong h ta	1	1
adrong h thuat	1	1
adrong h trinh	1	1
adrong h tuyet	1	1
adrong h yung	1	1
adrong ngoc son hoa	1	1
adrong y oai	1	1
adrong y rim	1	1
adrung dao h chi	1	1
afan die bt ca rya	1	1
ai canh khanh thao	1	1
ai canh thien	1	1
ai di	1	1
ai gioi	1	1
ai la ngien	1	1
ai le	1	1
ai lich nguyen	1	1
ai muong	1	1
ai phuc	1	1
ai phuong ton nu	1	1
ai quoc la	1	1
ai tran xuan	1	1
ai vu	1	1
aimee khuong	1	1
alai	1	1
alain cao van truong	1	1
alain huy	1	1
alain nguon	1	1
alain tran van thoan	1	1
alan huynh	1	1
alang bom	1	1
alang chien	1	1
alang dat	1	1
alang dung	1	1
alang hung	1	1
alang kha	1	1
alang lam truong	1	1
alang mon	1	1
alang ngoc	1	1
alang nhuong	1	1
alang quang	1	1
alang rin	1	1
alang thach	1	1
alang thang	1	1
alang thi bich	1	1
alang thi binh	1	1
alang thi chep	1	1
alang thi co	1	1
alang thi crau	1	1
alang thi dieu	1	1
alang thi hang	1	1
alang thi hien	1	1
alang thi lanh	1	1
alang thi lieu	1	1
alang thi lim	1	1
alang thi ngoc	1	1
alang thi phung	1	1
alang thi phuong	1	1
alang thi top	1	1
alang thi vuom	1	1
alang thi yen	1	2
alang trong	1	1
alang truong giang	1	1
alang tuy	1	1
alang ty	1	1
alang van anh	1	1
alang via	1	1
alang xuan	1	1
albert nguyen van trieu	1	1
ale h dju	1	1
ale quang	1	1
alex hinh	1	1
alex ngac	1	1
alexander tieu	1	1
alexandra huynh	1	1
alexandra huynh she her	1	1
alexandra tieu	1	1
alexandre bui manh	1	1
alexandre cao van phu	1	1
alexandre tran	1	1
alexandria huynh	1	1
alexis pham	1	1
alice truong	1	1
alicia hoang	1	1
aline nguy	1	1
alisa na	1	1
alisia giac thao tran	1	1
alison duong	1	1
allen luong trinh_son	1	1
alo thuoc tay	1	1
ama them	1	1
amy cao hong	1	1
amy huyen	1	1
amy nham lai	1	1
amy pham	1	1
amy thuong	1	1
an	1	2
an anh tuan	1	1
an banh	1	1
an bao long	1	1
an bich diep	1	2
an bich tra	1	1
an bui	1	2
an chiem	1	1
an cung han quoc	1	1
an dang huu huy	1	1
an dang ngoc khanh	1	1
an dau	1	1
an diec	1	1
an dien	1	1
an diep	1	1
an dinh	1	1
an dinh dai	1	1
an dinh dat	1	1
an dinh khoi	1	1
an dinh luan	1	1
an dinh nam	1	1
an do binh nguyen	1	1
an doan	1	1
an doan huu	1	1
an dong phong	1	1
an duat	1	1
an duc hieu	1	1
an duc manh	1	1
an duc nam	1	2
an duc nghia	1	1
an duc viet	1	2
an duong	1	2
an duong khang	1	1
an duy tho	1	1
an duy thuyen	1	1
an gia huu	1	1
an giang thanh	1	1
an ha my	1	2
an ha phuong linh	1	1
an ha thanh	1	1
an hai phong	1	1
an hien mai	1	1
an ho phong	1	1
an hoa huu	1	1
an hoai	1	1
an hoang anh	1	1
an hoang ha	1	1
an hoang hoai linh	1	1
an hoang minh	1	1
an hoang minh anh	1	1
an hoang thien	1	1
an hong buu	1	1
an hong hai	1	1
an hong hanh	1	1
an hung tuan	1	1
an huu bien	1	1
an huu huy	1	1
an huy hoang	1	1
an huy thieu	1	1
an huynh	1	1
an khang	1	1
an khang nguyen	1	1
an khanh ngoc mai	1	1
an kieu	1	1
an kim dinh	1	1
an kim thuy	1	1
an lanh	1	1
an le	1	8
an le nhu phuong	1	1
an le thi ngoc	1	1
an linh nga	1	1
an long	1	1
an luu	1	1
an ly	1	1
an manh duc	1	1
an manh tuan	1	1
an minh duc	1	1
an minh ha	1	1
an minh hieu	1	1
an minh hung	1	1
an minh huyen	1	2
an minh nghia	1	1
an minh ngoc	1	1
an minh quang	1	3
an minh thien	1	1
an minh thu	1	1
an minh thuan	1	1
an minh tuan	1	2
an moc	1	1
an nghiem	1	1
an ngo	1	1
an ngoc anh	1	2
an ngoc anh khoa	1	1
an ngoc bao han	1	1
an ngoc bich	1	1
an ngoc huyen	1	1
an ngoc khanh	1	1
an ngoc son	1	1
an ngoc tu	1	1
an ngoc tuyet	1	1
an nguy	1	1
an nguy beauty	1	1
an nguyen	1	1
an nguyen ha my	1	1
an nguyen hien anh	1	1
an nguyen huu	1	1
an nguyen ngoc	1	1
an nguyen viet hoang	1	1
an nhat quang	1	1
an nhat trong	1	1
an nhien	1	2
an nhien do an nhien	1	1
an nhu my duyen	1	1
an oanh	1	1
an pham	1	1
an phan	1	1
an phong vo	1	1
an phuc hoang son	1	1
an phung	1	1
an phuong anh	1	2
an phuong chi	1	1
an phuong dong	1	1
an phuong linh	1	1
an phuong loan	1	1
an phuong thao	1	1
an phuong tra	1	1
an quang huy	1	1
an quang nam	1	1
an quang truong	1	1
an quoc cong	1	1
an quoc hung	1	1
an quoc khanh	1	1
an quoc thinh	1	1
an quoc tuan	1	1
an quynh trang	1	1
an sen	1	1
an son	1	1
an tat dac	1	1
an thai	1	1
an thai hoang anh	1	1
an thanh bac	1	1
an thanh hai	1	3
an thanh huan	1	1
an thanh long	1	2
an thanh nhu ngoc	1	1
an thanh tung	1	1
an thao	1	1
an the bao	1	2
an the loc	1	1
an thi bich	1	1
an thi bich hong	1	1
an thi bich phuong	1	1
an thi dung	1	1
an thi duyen	1	1
an thi giang	1	1
an thi ha vy	1	1
an thi hanh	1	1
an thi hien	1	2
an thi hoa	1	1
an thi hoai	1	2
an thi hoai linh	1	1
an thi hong	1	2
an thi hong hanh	1	1
an thi hong ngoc	1	1
an thi hong tham	1	1
an thi hue	1	2
an thi huong	1	2
an thi huong tra	1	1
an thi huyen	1	1
an thi khanh linh	1	1
an thi kieu bac	1	1
an thi lan	1	1
an thi linh chi	1	1
an thi mai	1	1
an thi minh	1	1
an thi minh trang	1	1
an thi ngoc	1	1
an thi ngoc anh	1	1
an thi ngoc mai	1	1
an thi nhai	1	1
an thi nhieu	1	1
an thi oanh	1	1
an thi phan	1	1
an thi phuong	1	1
an thi phuong dung	1	1
an thi quy	1	1
an thi thanh huyen	1	1
an thi thanh lam	1	1
an thi thanh nhan	1	1
an thi thanh thanh	1	1
an thi thanh thu	1	1
an thi thanh thuy	1	2
an thi thao	1	1
an thi thao mai	1	1
an thi thap	1	1
an thi thinh	1	1
an thi thu ha	1	1
an thi thu hang	1	2
an thi thu hien	1	1
an thi thu thao	1	1
an thi thu trang	1	1
an thi thuy duong	1	2
an thi thuy huyen	1	1
an thi thuy linh	1	1
an thi thuy trang	1	1
an thi trang ha	1	1
an thi tuyet nhung	1	1
an thi tuyet thuong	1	1
an thi van	1	1
an thi van anh	1	1
an thi xanh	1	1
an thien	1	1
an thieu	1	1
an thu ha	1	1
an thu huong	1	2
an thu phuong	1	1
an thu trang	1	1
an thu van	1	1
an thuy duong	1	2
an thuy linh	1	1
an thuy tien	1	1
an thy tran	1	1
an tien dat	1	1
an tien hiep	1	1
an tien luat	1	1
an toan	1	1
an toan viet	1	2
an tran cong minh	1	2
an tran kien	1	1
an tri dung	1	1
an tri tan	1	1
an trinh	1	1
an trong bon	1	1
an trong thanh tuyen	1	1
an trung tuan	1	1
an truong	1	1
an tuan anh	1	1
an tuan minh	1	1
an tuan vu	1	1
an tuyet tuyet	1	1
an van doan	1	1
an van duong	1	1
an van hieu	1	1
an van hoa	1	1
an van hop	1	1
an van huong	1	1
an van huu	1	1
an van huy	1	1
an van long	1	1
an van nam	1	1
an van quang	1	1
an van thuc	1	1
an van trinh	1	1
an van tuan	1	3
an van tuyen	1	1
an van yen	1	2
an viet anh	1	1
an viet do	1	1
an viet dung	1	3
an viet hoang	1	1
an viet khiem	1	1
an viet quang	1	1
an viet thanh loc	1	1
an viet trinh	1	1
an viet trung	1	1
an vo	1	1
an vo ngoc truong an	1	1
an xuan bach	1	1
an xuan chinh	1	1
an xuan dung	1	1
an xuan hai	1	1
an xuan hoan	1	1
an xuan phung	1	1
andrew vuu	1	1
andy nham	1	1
andy pham	1	1
ang phat huy	1	1
angela huynh	1	1
angelina le an toidy	1	1
angie pho acca	1	1
anh anh	1	1
anh anh dieu	1	1
anh au	1	1
anh binh	1	1
anh bui	1	1
anh cao ngoc	1	1
anh cuong le	1	1
anh dang van	1	1
anh dao	1	1
anh dao viet	1	1
anh dinh	1	3
anh do nam	1	1
anh doat nguyen	1	1
anh duc nguyen	1	2
anh dung chau	1	2
anh dung nguyen	1	1
anh duong	1	1
anh duong dien ngoc	1	1
anh duong pham	1	1
anh gian	1	1
anh ginny truong	1	1
anh hai	1	1
anh hai duong	1	1
anh ho ngo	1	1
anh hoa nguyen	1	1
anh hoai nguyen	1	1
anh hoai truong	1	1
anh hoan	1	1
anh hung	1	1
anh khieu absi	1	1
anh khoa dang nguyen	1	1
anh khuat	1	1
anh kiet	1	1
anh kiet ngo	1	1
anh le	1	2
anh le tran	1	1
anh le van	1	1
anh le viet	1	1
anh lien rodgers	1	1
anh luc	1	1
anh luong	1	2
anh luu	1	1
anh minh	1	2
anh nghi nguyen	1	1
anh nghiem	1	2
anh ngoc ngo	1	1
anh nguy	1	1
anh nguyen	1	2
anh nguyen ha que	1	1
anh nguyen huu	1	1
anh nguyen thuy ha	1	1
anh nguyen viet	1	5
anh nguyet truong	1	1
anh nham	1	1
anh nhat vu	1	1
anh nho	1	1
anh nhu	1	1
anh ninh	1	1
anh nong	1	2
anh pha	1	1
anh pham	1	4
anh phan	1	2
anh phin phan	1	1
anh phinh nguyen	1	1
anh phu hung	1	1
anh phuong pham	1	1
anh quang	1	1
anh quanh	1	1
anh que	1	1
anh qui ho	1	1
anh quoc	1	1
anh quy	1	1
anh thai	1	1
anh thao truong	1	1
anh thi le	1	2
anh thi ngoc lan	1	1
anh thien nguyen	1	1
anh thieu	1	1
anh tho nguyen	1	1
anh thoai nguyen mang	1	1
anh thu do	1	1
anh thu le tran	1	1
anh thu ngo vu	1	1
anh thu t	1	1
anh thu truong	1	1
anh thu vu	1	1
anh thuy vo	1	1
anh thy tran	1	1
anh tien nghia	1	1
anh tinh a t quach	1	1
anh ton huyen tram	1	1
anh tran	1	3
anh tran van	1	1
anh trang	1	1
anh trieu	1	1
anh trong nguyen	1	2
anh truong	1	35
anh truong hoang	1	2
anh truong ky	1	1
anh truong ta	1	1
anh truong tuan	1	1
anh truong viet	1	1
anh tu	1	1
anh tu le	1	1
anh tuan bui	1	1
anh tuan khuc	1	1
anh tuan nguyen	1	1
anh tuan truong	1	1
anh tuan viet nguyen	1	1
anh tuy nguyen	1	1
anh tuyet dinh	1	1
anh tuyet tran	1	1
anh v thich	1	1
anh viet	1	2
anh viet bui	1	1
anh viet jimmy tran	1	1
anh viet ngo	1	1
anh viet nguyen	1	1
anh viet nguyen duy	1	1
anh viet pham	1	1
anh viet vu	1	1
anh vo	1	2
anh vo tuan	1	1
anh vu	1	1
anh vu trong	1	1
anh vuu	1	1
anh xao nguyen	1	1
anh xuan	1	1
anh xuong	1	1
ann hoang	1	1
ann le	1	1
anna ho thi kim xuan	1	1
anna phung	1	1
anna vuong	1	1
anne bui duyet	1	1
anne kieu viet anh	1	1
anne mieu hung ha	1	1
anne thieu	1	1
anne trinh	1	1
annie duong	1	1
anthony thong do	1	1
antoine thoan yen ba	1	1
anun	1	1
any phun	1	1
ao cong hai	1	1
ao cong lam	1	1
ao hoang phuong nghi	1	1
ao hoang phuong vy	1	1
ao kim tu	1	1
ao thanh nhi	1	1
ao thanh son	1	1
ao thi hong	1	2
ao thi kim thu	1	1
ao thi kim tuyet	1	1
ao thun xuat khau sg	1	1
ao van thang	1	1
aral thi ngon	1	1
aral thi oanh	1	1
arat cho	1	1
arat chung	1	1
arat de	1	1
arat giang	1	1
arat hai	1	1
arat khoi	1	1
arat nghen	1	1
arat phai	1	1
arat thi bhut	1	1
arat thi cao cao	1	1
arat thi mai	1	1
arat thi phuong	1	1
arat tuan	1	1
arthur	1	1
ary prang	1	1
ath panha	1	1
ating cang	1	1
ating cuu	1	1
ating dan	1	1
ating nhon	1	1
ating sigar	1	1
ating thi doc	1	1
ating thi phuong ly	1	1
ating thu	1	1
au anh kiet	1	1
au anh thu	1	1
au anh tuyet	1	1
au bao tien	1	1
au binh tam	1	1
au boi san	1	1
au boi tran	1	1
au cam phuong	1	1
au cam tu	1	1
au can dong	1	1
au chanh tong	1	1
au cong phuc	1	1
au cong thuat	1	1
au dai phuc	1	1
au dai quang	1	1
au dam quan	1	1
au dinh doai	1	1
au dinh kien	1	1
au dinh lam	1	1
au diu hang	1	1
au duc hieu	1	1
au duc minh	1	3
au duc trung	1	1
au duc tuan	1	1
au duc tuc	1	1
au duong bao chau	1	1
au duong boi tam	1	1
au duong dai	1	1
au duong duc	1	1
au duong gia my	1	1
au duong hue	1	1
au duong hung	1	1
au duong ky	1	1
au duong lan	1	1
au duong linh	1	1
au duong minh duc	1	1
au duong my	1	1
au duong nha han	1	1
au duong quan	1	1
au duong quynh phuong	1	1
au duong sam	1	2
au duong sung	1	1
au duong tan sang	1	1
au duong thien phong	1	1
au duong thong	1	1
au duong thuy hong	1	1
au duong tien	1	1
au duong tri	1	1
au duong trung hao	1	1
au duong vinh phuc	1	1
au duy manh	1	1
au duy son	1	1
au duy tuan	1	1
au gia kien	1	1
au gia linh	1	1
au gia loc	1	1
au hai nam	1	1
au hai van	1	1
au hai yen	1	1
au hoang	1	1
au hoang dung	1	1
au hoang khang	1	2
au hoang minh duy	1	1
au hoang nhat minh	1	2
au hoang quyen	1	1
au hoang son	1	1
au hong lam	1	1
au hong nhung	1	1
au hue nhu	1	1
au huong ly	1	1
au huu hung	1	1
au huy	1	1
au huy bien	1	1
au huy hao	1	1
au huyen trang	1	1
au kim tho	1	1
au lam truong	1	1
au lan anh	1	1
au lap dan	1	1
au le minh	1	1
au le phuong mai	1	1
au le thien thanh	1	1
au le van	1	1
au linh chi	1	1
au long hai	1	1
au manh cuong	1	1
au minh chanh	1	1
au minh hang	1	1
au minh khang	1	1
au minh nguyet	1	1
au minh tien	1	1
au minh tu nhi	1	1
au minh tuan	1	1
au my linh	1	1
au ngoc bich	1	1
au ngoc hien	1	1
au ngoc lam	1	1
au ngoc linh	1	1
au ngoc quynh anh	1	1
au ngoc suong	1	1
au ngoc thanh nhan	1	1
au ngoc tien	1	1
au ngoc yen nhi	1	1
au nguyen cat tuong	1	1
au nguyen trung phong	1	1
au nhat huy	1	1
au phan dang khoa	1	1
au phuoc tai	1	1
au phuoc vinh	1	1
au phuong thanh	1	1
au phuong thao	1	3
au quang dung	1	1
au quang hien	1	1
au quang hieu	1	1
au quang huy	1	1
au quang phu	1	1
au quoc bao	1	1
au quoc cuong	1	1
au quoc dat	1	1
au quynh anh	1	1
au tan cuong	1	1
au tan viet	1	1
au thai minh	1	1
au thanh duoc	1	1
au thanh loan	1	1
au thanh luan	1	1
au thanh thao	1	1
au thanh thuy	1	1
au thanh tra	1	1
au thanh truc	1	1
au the phong	1	1
au the thai	1	1
au thi bich lien	1	2
au thi bich nhu	1	1
au thi chung	1	1
au thi dao	1	1
au thi ha	1	1
au thi han	1	1
au thi hang	1	1
au thi hien	1	2
au thi hoai thuong	1	1
au thi hong anh	1	1
au thi hong hanh	1	1
au thi hong oanh	1	1
au thi hong thu	1	1
au thi huyen	1	2
au thi khanh linh	1	1
au thi khanh thuy	1	1
au thi kieu nha	1	1
au thi kieu oanh	1	1
au thi kim khanh	1	1
au thi kim linh	1	1
au thi kim xuyen	1	1
au thi lanh	1	1
au thi le tam	1	1
au thi minh chi	1	1
au thi minh hang	1	1
au thi my duyen	1	1
au thi my hanh	1	1
au thi ngoc diep	1	2
au thi phuong dung	1	1
au thi quy	1	1
au thi quynh nhi	1	1
au thi quynh trang	1	2
au thi tham	1	1
au thi thanh bang	1	1
au thi thanh phung	1	1
au thi thoa	1	1
au thi thu phuong	1	1
au thi thuy linh	1	1
au thi thuy quynh	1	1
au thi thuy trang	1	1
au thi thuy van	1	1
au thi tu huong	1	1
au thi tuong vy	1	1
au thi tuyet nhi	1	2
au thi van anh	1	1
au thien nhi	1	1
au thien phuoc	1	1
au thien truong	1	2
au thinh son	1	1
au thu hoai	1	1
au thu huyen	1	1
au thu thuy	1	1
au thu trang	1	1
au thuc doan	1	1
au thuc khanh	1	1
au thuc nhan	1	1
au thuy duong	1	1
au thuy hang	1	1
au thuy linh	1	1
au thuy ngan	1	1
au thuy trang	1	1
au tien dung	1	1
au tien hoang	1	1
au tra my	1	1
au tran phuong thao	1	1
au tran yen thanh	1	1
au trong nghia	1	1
au truong an	1	1
au tu anh	1	1
au tuan anh	1	1
au tuyet anh	1	1
au tuyet chau	1	1
au uyen trinh	1	1
au van chia	1	1
au van cuong	1	1
au van dong	1	1
au van duc	1	1
au van dung	1	1
au van gia	1	1
au van hoc	1	1
au van huan	1	2
au van khoi	1	1
au van manh	1	1
au van nhan	1	1
au van phong	1	1
au van phuong	1	1
au van ten	1	1
au van tho	1	1
au van trung	1	1
au van tu	1	1
au viet hoang	1	1
au vinh phong	1	1
au xuan huu	1	1
au xuan phong	1	1
au xuan thuan	1	1
au xuan thuy	1	1
au xuan toan	1	1
au yen nhi	1	1
austin huynh	1	1
aviet binh	1	1
aviet soi	1	1
aydob le huynh hai trieu	1	2
ayun thi uyen vy	1	1
ayun y sun	1	1
